Sett;Antall i settet;Produktnavn;Kategori;Pa lager;Naermeste treff;Avstand
"CMB1";"730";"Alesha, Who Smiles at Death";"Rare";"6";"";""
"CMB1";"730";"Gideon Jura";"Mythic";"5";"";""
"CMB1";"730";"Mirran Crusader";"Rare";"5";"";""
"CMB1";"730";"Magmaw";"Uncommon";"4";"";""
"CMB1";"730";"Maverick Thopterist (Duel Decks)";"Uncommon";"4";"";""
"CMB1";"730";"Contamination (Urza's Saga)";"Rare";"3";"";""
"CMB1";"730";"Dungrove Elder";"Rare";"3";"";""
"CMB1";"730";"Evra, Halcyon Witness";"Rare";"3";"";""
"CMB1";"730";"Fblthp, the Lost";"Rare";"3";"";""
"CMB1";"730";"Putrid Warrior";"Common";"3";"";""
"CMB1";"730";"Rune-Scarred Demon";"Rare";"3";"";""
"CMB1";"730";"Serendib Efreet";"Rare";"3";"";""
"CMB1";"730";"Shard of Broken Glass";"Common";"3";"";""
"CMB1";"730";"Sudden Demise";"Rare";"3";"";""
"CMB1";"730";"Bishop of the Bloodstained";"Uncommon";"2";"";""
"CMB1";"730";"Boros Reckoner";"Rare";"2";"";""
"CMB1";"730";"Clockwork Dragon";"Rare";"2";"";""
"CMB1";"730";"Collective Brutality";"Rare";"2";"";""
"CMB1";"730";"Enchanted Evening";"Rare";"2";"";""
"CMB1";"730";"Ghitu Fire (Invasion)";"Rare";"2";"";""
"CMB1";"730";"Glittering Wish (Foil)";"Rare";"2";"";""
"CMB1";"730";"Karrthus, Tyrant of Jund (Foil)";"Mythic";"2";"";""
"CMB1";"730";"Laid to Rest";"Uncommon";"2";"";""
"CMB1";"730";"Leveler (Foil)";"Rare";"2";"";""
"CMB1";"730";"Millstone (Magic 2014)";"Uncommon";"2";"";""
"CMB1";"730";"Mystery Key";"Uncommon";"2";"";""
"CMB1";"730";"Nightmare";"Rare";"2";"";""
"CMB1";"730";"Phyrexian Plaguelord";"Rare";"2";"";""
"CMB1";"730";"Pir's Whim";"Rare";"2";"";""
"CMB1";"730";"Promise of Power";"Rare";"2";"";""
"CMB1";"730";"Release the Gremlins";"Rare";"2";"";""
"CMB1";"730";"Savage Knuckleblade";"Rare";"2";"";""
"CMB1";"730";"Spectral Force";"Rare";"2";"";""
"CMB1";"730";"Spellweaver Volute (Foil)";"Rare";"2";"";""
"CMB1";"730";"Steamflogger Boss";"Rare";"2";"";""
"CMB1";"730";"Thousand Winds";"Rare";"2";"";""
"CMB1";"730";"Treacherous Terrain";"Uncommon";"2";"";""
"CMB1";"730";"Treasury Thrull";"Rare";"2";"";""
"CMB1";"730";"Urza's Rage";"Rare";"2";"";""
"CMB1";"730";"Violent Ultimatum";"Rare";"2";"";""
"CMB1";"730";"Yore-Tiller Nephilim (Foil)";"Rare";"2";"";""
"CMB1";"730";"Yore-Tiller Nephilim (Non-Foil)";"Rare";"2";"";""
"CMB1";"730";"Ajani's Last Stand";"Rare";"1";"";""
"CMB1";"730";"Alpine Moon (Core Set 2019)";"Rare";"1";"";""
"CMB1";"730";"Ancestor's Prophet";"Rare";"1";"";""
"CMB1";"730";"Angel's Grace";"Rare";"1";"";""
"CMB1";"730";"Aurelia's Fury (Foil)";"Mythic";"1";"";""
"CMB1";"730";"Celestial Kirin";"Rare";"1";"";""
"CMB1";"730";"Chancellor of the Annex";"Rare";"1";"";""
"CMB1";"730";"Consign - Oblivion";"Uncommon";"1";"";""
"CMB1";"730";"Contagion Clasp";"Uncommon";"1";"";""
"CMB1";"730";"Cragganwick Cremator";"Rare";"1";"";""
"CMB1";"730";"Dauntless Dourbark (Lorwyn)";"Rare";"1";"";""
"CMB1";"730";"Djinn Illuminatus";"Rare";"1";"";""
"CMB1";"730";"Dolmen Gate";"Rare";"1";"";""
"CMB1";"730";"Dragon's Approach";"Common";"1";"";""
"CMB1";"730";"Dreamborn Muse (Legion)";"Rare";"1";"";""
"CMB1";"730";"Duskmantle, House of Shadow";"Uncommon";"1";"";""
"CMB1";"730";"Elven Warhounds (Tempest)";"Uncommon";"1";"";""
"CMB1";"730";"Endless Wurm";"Rare";"1";"";""
"CMB1";"730";"Exsanguinate";"Uncommon";"1";"";""
"CMB1";"730";"Eye of the Storm";"Rare";"1";"";""
"CMB1";"730";"Fatespinner (Foil)";"Rare";"1";"";""
"CMB1";"730";"Felidar Umbra";"Uncommon";"1";"";""
"CMB1";"730";"Fiery Gambit (Foil)";"Rare";"1";"";""
"CMB1";"730";"Filigree Angel";"Rare";"1";"";""
"CMB1";"730";"Fires of Yavimaya";"Uncommon";"1";"";""
"CMB1";"730";"Flesh - Blood";"Rare";"1";"";""
"CMB1";"730";"Gaea's Revenge (Magic Origins)";"Rare";"1";"";""
"CMB1";"730";"Gatekeeper of Malakir";"Uncommon";"1";"";""
"CMB1";"730";"Goblin Trenches";"Rare";"1";"";""
"CMB1";"730";"Greater Gargadon";"Rare";"1";"";""
"CMB1";"730";"Guided Passage";"Rare";"1";"";""
"CMB1";"730";"Haunted Plate Mail";"Rare";"1";"";""
"CMB1";"730";"Helix Pinnacle (Foil)";"Rare";"1";"";""
"CMB1";"730";"Helm of Awakening";"Rare";"1";"";""
"CMB1";"730";"Herald of Leshrac (Foil)";"Rare";"1";"";""
"CMB1";"730";"Impending Disaster";"Rare";"1";"";""
"CMB1";"730";"Jaya Ballard, Task Mage";"Rare";"1";"";""
"CMB1";"730";"Jokulmorder";"Rare";"1";"";""
"CMB1";"730";"Juniper Order Ranger";"Rare";"1";"";""
"CMB1";"730";"Kargan Dragonlord";"Mythic";"1";"";""
"CMB1";"730";"Kor Firewalker";"Uncommon";"1";"";""
"CMB1";"730";"Lavaborn Muse";"Rare";"1";"";""
"CMB1";"730";"Legacy Weapon (Apocalypse)";"Rare";"1";"";""
"CMB1";"730";"Leonin Relic-Warder (Mirrodin Besieged)";"Uncommon";"1";"";""
"CMB1";"730";"Lovisa Coldeyes (Coldsnap)";"Rare";"1";"";""
"CMB1";"730";"Lunar Avenger";"Uncommon";"1";"";""
"CMB1";"730";"Magewright's Stone (Foil)";"Uncommon";"1";"";""
"CMB1";"730";"Magnigoth Treefolk (Planeshift)";"Rare";"1";"";""
"CMB1";"730";"Magus of the Moat";"Rare";"1";"";""
"CMB1";"730";"Maro (Foil)";"Rare";"1";"";""
"CMB1";"730";"Mind Shatter";"Rare";"1";"";""
"CMB1";"730";"Mistveil Plains";"Uncommon";"1";"";""
"CMB1";"730";"Moggcatcher";"Rare";"1";"";""
"CMB1";"730";"Molder Slug (Mirrodin)";"Rare";"1";"";""
"CMB1";"730";"Necravolver";"Rare";"1";"";""
"CMB1";"730";"Nemata, Grove Guardian (Planeshift)";"Rare";"1";"";""
"CMB1";"730";"Nin, the Pain Artist";"Rare";"1";"";""
"CMB1";"730";"Noxious Toad";"Uncommon";"1";"";""
"CMB1";"730";"Outlaws' Merriment";"Mythic";"1";"";""
"CMB1";"730";"Panglacial Wurm";"Rare";"1";"";""
"CMB1";"730";"Paradox Haze (Foil)";"Uncommon";"1";"";""
"CMB1";"730";"Phenax, God of Deception";"Mythic";"1";"";""
"CMB1";"730";"Proclamation of Rebirth";"Rare";"1";"";""
"CMB1";"730";"Profaner of the Dead";"Rare";"1";"";""
"CMB1";"730";"Ranger of Eos";"Rare";"1";"";""
"CMB1";"730";"Reforge the Soul (Avacyn Restored)";"Rare";"1";"";""
"CMB1";"730";"Rhox (Foil)";"Rare";"1";"";""
"CMB1";"730";"Scroll of the Masters";"Rare";"1";"";""
"CMB1";"730";"Serendib Sorcerer";"Rare";"1";"";""
"CMB1";"730";"Shifting Wall (Stronghold)";"Uncommon";"1";"";""
"CMB1";"730";"Sidisi, Undead Vizier";"Rare";"1";"";""
"CMB1";"730";"Slag Fiend (New Phyrexia)";"Rare";"1";"";""
"CMB1";"730";"Spawning Grounds";"Rare";"1";"";""
"CMB1";"730";"Stunt Double";"Rare";"1";"";""
"CMB1";"730";"Tamiyo, Collector of Tales";"Rare";"1";"";""
"CMB1";"730";"Teferi's Puzzle Box (Foil)";"Rare";"1";"";""
"CMB1";"730";"Tempest Djinn";"Rare";"1";"";""
"CMB1";"730";"The Unspeakable";"Rare";"1";"";""
"CMB1";"730";"Tower of Fortunes (Mirrodin)";"Rare";"1";"";""
"CMB1";"730";"Trench Gorger (Commander)";"Rare";"1";"";""
"CMB1";"730";"Two-Headed Giant";"Rare";"1";"";""
"CMB1";"730";"Universal Automaton (Modern Horizons)";"Common";"1";"";""
"CMB1";"730";"Vaevictis Asmadi, the Dire (C2019)";"Mythic";"1";"";""
"CMB1";"730";"Verdurous Gearhulk";"Mythic";"1";"";""
"CMB1";"730";"Warp World";"Rare";"1";"";""
"CMB1";"730";"Wasitora, Nekoru Queen";"Rare";"1";"";""
"CMB1";"730";"Wheel of Sun and Moon";"Rare";"1";"";""
"CMB1";"730";"Witch Engine (Urza's Saga)";"Rare";"1";"";""
"CMB1";"730";"Aboshan, Cephalid Emperor";"Rare";"0";"";""
"CMB1";"730";"Admiral Beckett Brass";"Mythic";"0";"";""
"CMB1";"730";"Adorned Pouncer";"Rare";"0";"";""
"CMB1";"730";"Aether Vial";"Uncommon";"0";"";""
"CMB1";"730";"Aetherflux Reservoir";"Rare";"0";"";""
"CMB1";"730";"Alabaster Dragon";"Rare";"0";"";""
"CMB1";"730";"Alhammarret's Archive";"Mythic";"0";"";""
"CMB1";"730";"All Is Dust";"Rare";"0";"";""
"CMB1";"730";"All That Glitters (Throne of Eldraine)";"Uncommon";"0";"";""
"CMB1";"730";"Allosaurus Rider (Foil)";"Rare";"0";"";""
"CMB1";"730";"Alloy Myr";"Common";"0";"";""
"CMB1";"730";"Aminatou's Augury";"Rare";"0";"";""
"CMB1";"730";"Ancestral Mask";"Uncommon";"0";"";""
"CMB1";"730";"Ancient Craving";"Common";"0";"";""
"CMB1";"730";"Ancient Den";"Common";"0";"";""
"CMB1";"730";"Ancient Spider (Planeshifted)";"Rare";"0";"";""
"CMB1";"730";"Ancient Stirrings";"Uncommon";"0";"";""
"CMB1";"730";"Ancient Ziggurat";"Uncommon";"0";"";""
"CMB1";"730";"Angel of Serenity";"Mythic";"0";"";""
"CMB1";"730";"Angel of Serenity (Foil - Return to Ravnica)";"Mythic";"0";"";""
"CMB1";"730";"Angel of the Dire Hour";"Rare";"0";"";""
"CMB1";"730";"Angelheart Vial (Rise of Eldrazi)";"Rare";"0";"";""
"CMB1";"730";"Angelic Destiny";"Mythic";"0";"";""
"CMB1";"730";"Angelic Field Marshal (Foil - Commander Masters)";"Rare";"0";"";""
"CMB1";"730";"Animar, Soul of Elements";"Mythic";"0";"";""
"CMB1";"730";"Animate Dead";"Uncommon";"0";"";""
"CMB1";"730";"Anointed Procession";"Rare";"0";"";""
"CMB1";"730";"Approach of the Second Sun";"Rare";"0";"";""
"CMB1";"730";"Arcades, the Strategist";"Mythic";"0";"";""
"CMB1";"730";"Arcane Denial";"Common";"0";"";""
"CMB1";"730";"Arcane Melee (Commander 2013)";"Rare";"0";"";""
"CMB1";"730";"Arcbound Overseer";"Rare";"0";"";""
"CMB1";"730";"Arch of Orazca";"Rare";"0";"";""
"CMB1";"730";"Archaeomancer's Map";"Rare";"0";"";""
"CMB1";"730";"Architects of Will";"Common";"0";"";""
"CMB1";"730";"Argothian Elder (Urza's Saga)";"Uncommon";"0";"";""
"CMB1";"730";"Artisan of Kozilek";"Uncommon";"0";"";""
"CMB1";"730";"Asceticism";"Rare";"0";"";""
"CMB1";"730";"Ashnod's Altar";"Uncommon";"0";"";""
"CMB1";"730";"Asmoranomardicadaistinaculdacar";"Rare";"0";"";""
"CMB1";"730";"Athreos, God of Passage";"Mythic";"0";"";""
"CMB1";"730";"Aura Shards";"Uncommon";"0";"";""
"CMB1";"730";"Aura Thief";"Rare";"0";"";""
"CMB1";"730";"Awakening";"Rare";"0";"";""
"CMB1";"730";"Bad Moon";"Rare";"0";"";""
"CMB1";"730";"Balance of Power (Portal)";"Rare";"0";"";""
"CMB1";"730";"Balefire Liege (Foil)";"Rare";"0";"";""
"CMB1";"730";"Balefire Liege (Non-Foil)";"Rare";"0";"";""
"CMB1";"730";"Baleful Mastery";"Rare";"0";"";""
"CMB1";"730";"Bane of Progress (Commander 2015)";"Rare";"0";"";""
"CMB1";"730";"Basilisk Collar (DM)";"Rare";"0";"";""
"CMB1";"730";"Basilisk Collar (MM13)";"Rare";"0";"";""
"CMB1";"730";"Batterskull";"Mythic";"0";"";""
"CMB1";"730";"Beacon of Immortality";"Rare";"0";"";""
"CMB1";"730";"Beanstalk Giant";"Uncommon";"0";"";""
"CMB1";"730";"Beast Within (Battlebond)";"Uncommon";"0";"";""
"CMB1";"730";"Beastmaster Ascension";"Rare";"0";"";""
"CMB1";"730";"Belbe's Portal";"Rare";"0";"";""
"CMB1";"730";"Beseech the Queen";"Uncommon";"0";"";""
"CMB1";"730";"Birds of Paradise";"Rare";"0";"";""
"CMB1";"730";"Black Market";"Rare";"0";"";""
"CMB1";"730";"Blasting Station (Foil)";"Uncommon";"0";"";""
"CMB1";"730";"Blazing Shoal";"Rare";"0";"";""
"CMB1";"730";"Blighted Agent (Foil)";"Uncommon";"0";"";""
"CMB1";"730";"Blightsteel Colossus (Double Masters)";"Mythic";"0";"";""
"CMB1";"730";"Blood Artist";"Uncommon";"0";"";""
"CMB1";"730";"Blood Moon";"Rare";"0";"";""
"CMB1";"730";"Bloodchief Ascension";"Rare";"0";"";""
"CMB1";"730";"Bloom Tender";"Rare";"0";"";""
"CMB1";"730";"Bojuka Bog (Worldwake)";"Common";"0";"";""
"CMB1";"730";"Boreal Druid";"Common";"0";"";""
"CMB1";"730";"Boundless Realms (Foil)";"Rare";"0";"";""
"CMB1";"730";"Bow of Nylea";"Rare";"0";"";""
"CMB1";"730";"Brago, King Eternal";"Rare";"0";"";""
"CMB1";"730";"Braid of Fire (Foil)";"Rare";"0";"";""
"CMB1";"730";"Brain Freeze";"Uncommon";"0";"";""
"CMB1";"730";"Brainstorm";"Rare";"0";"";""
"CMB1";"730";"Bramblewood Paragon";"Uncommon";"0";"";""
"CMB1";"730";"Bridge from Below";"Rare";"0";"";""
"CMB1";"730";"Bringer of the Black Dawn (Foil)";"Rare";"0";"";""
"CMB1";"730";"Broodstar";"Rare";"0";"";""
"CMB1";"730";"Burning Inquiry";"Common";"0";"";""
"CMB1";"730";"Burnished Hart";"Uncommon";"0";"";""
"CMB1";"730";"Burst Lightning";"Common";"0";"";""
"CMB1";"730";"Cabal Therapy";"Uncommon";"0";"";""
"CMB1";"730";"Caged Sun";"Rare";"0";"";""
"CMB1";"730";"Cairn Wanderer";"Rare";"0";"";""
"CMB1";"730";"Carpet of Flowers";"Uncommon";"0";"";""
"CMB1";"730";"Cauldron of Souls";"Rare";"0";"";""
"CMB1";"730";"Cavalier of Thorns (Core Set 2020)";"Mythic";"0";"";""
"CMB1";"730";"Celestial Dawn (Foil)";"Rare";"0";"";""
"CMB1";"730";"Chain of Smog";"Uncommon";"0";"";""
"CMB1";"730";"Champion of the Parish";"Rare";"0";"";""
"CMB1";"730";"Chaos Warp (Commander 2011)";"Rare";"0";"";""
"CMB1";"730";"Chaos Warp (Commander 2017)";"Rare";"0";"";""
"CMB1";"730";"Chasm Skulker";"Rare";"0";"";""
"CMB1";"730";"Chromatic Lantern";"Rare";"0";"";""
"CMB1";"730";"Chromatic Star";"Common";"0";"";""
"CMB1";"730";"Citanul Hierophants (Urza's Saga)";"Rare";"0";"";""
"CMB1";"730";"Cloud Key";"Rare";"0";"";""
"CMB1";"730";"Coalition Relic";"Rare";"0";"";""
"CMB1";"730";"Coalition Victory (Timeshifted)";"Rare";"0";"";""
"CMB1";"730";"Coat of Arms";"Rare";"0";"";""
"CMB1";"730";"Coldsteel Heart";"Uncommon";"0";"";""
"CMB1";"730";"Collector Ouphe (Modern Horizons)";"Rare";"0";"";""
"CMB1";"730";"Commit - Memory";"Rare";"0";"";""
"CMB1";"730";"Component Pouch";"Uncommon";"0";"";""
"CMB1";"730";"Conspiracy (Foil)";"Rare";"0";"";""
"CMB1";"730";"Corpsejack Menace";"Uncommon";"0";"";""
"CMB1";"730";"Courser of Kruphix";"Rare";"0";"";""
"CMB1";"730";"Coveted Jewel";"Rare";"0";"";""
"CMB1";"730";"Crested Sunmare";"Mythic";"0";"";""
"CMB1";"730";"Crosis, the Purger";"Rare";"0";"";""
"CMB1";"730";"Crypt Rats (Visions)";"Common";"0";"";""
"CMB1";"730";"Crystalline Crawler (Commander 2016)";"Rare";"0";"";""
"CMB1";"730";"Crystalline Crawler (Commander 2016)";"Rare";"0";"";""
"CMB1";"730";"Crystalline Sliver";"Uncommon";"0";"";""
"CMB1";"730";"Curiosity";"Uncommon";"0";"";""
"CMB1";"730";"Curse of Opulence";"Uncommon";"0";"";""
"CMB1";"730";"Danitha Capashen, Paragon";"Uncommon";"0";"";""
"CMB1";"730";"Daretti, Scrap Savant (Non-Foil - Commander 2014)";"Mythic";"0";"";""
"CMB1";"730";"Dark Suspicions (Planeshift)";"Rare";"0";"";""
"CMB1";"730";"Darksteel Citadel (MM2015)";"Common";"0";"";""
"CMB1";"730";"Daxos the Returned";"Mythic";"0";"";""
"CMB1";"730";"Day's Undoing";"Mythic";"0";"";""
"CMB1";"730";"Death Cloud";"Rare";"0";"";""
"CMB1";"730";"Deathreap Ritual";"Uncommon";"0";"";""
"CMB1";"730";"Debtors' Knell";"Rare";"0";"";""
"CMB1";"730";"Decree of Justice";"Rare";"0";"";""
"CMB1";"730";"Deepglow Skate";"Rare";"0";"";""
"CMB1";"730";"Defense of the Heart";"Rare";"0";"";""
"CMB1";"730";"Demon of Death's Gate";"Mythic";"0";"";""
"CMB1";"730";"Demonic Tutor";"Uncommon";"0";"";""
"CMB1";"730";"Demonic Tutor (Ultimate Masters)";"Rare";"0";"";""
"CMB1";"730";"Denying Wind (Prophecy)";"Rare";"0";"";""
"CMB1";"730";"Desert (ADD Commander)";"Uncommon";"0";"";""
"CMB1";"730";"Desolation Angel";"Rare";"0";"";""
"CMB1";"730";"Desolation Twin";"Rare";"0";"";""
"CMB1";"730";"Dictate of Erebos";"Rare";"0";"";""
"CMB1";"730";"Dictate of Heliod";"Rare";"0";"";""
"CMB1";"730";"Dig Up";"Rare";"0";"";""
"CMB1";"730";"Dismember";"Uncommon";"0";"";""
"CMB1";"730";"Divining Witch";"Rare";"0";"";""
"CMB1";"730";"Dominaria's Judgment (Planeshift)";"Rare";"0";"";""
"CMB1";"730";"Dominus of Fealty";"Rare";"0";"";""
"CMB1";"730";"Doomgape";"Rare";"0";"";""
"CMB1";"730";"Draco";"Rare";"0";"";""
"CMB1";"730";"Dragon Broodmother";"Mythic";"0";"";""
"CMB1";"730";"Dragon Throne of Tarkir (Khans of Tarkir)";"Rare";"0";"";""
"CMB1";"730";"Dragon's Rage Channeler";"Uncommon";"0";"";""
"CMB1";"730";"Dragonlord Atarka";"Mythic";"0";"";""
"CMB1";"730";"Dragonlord Dromoka";"Mythic";"0";"";""
"CMB1";"730";"Dragonlord Ojutai";"Mythic";"0";"";""
"CMB1";"730";"Drana, Kalastria Bloodchief";"Rare";"0";"";""
"CMB1";"730";"Drift of Phantasms";"Common";"0";"";""
"CMB1";"730";"Drinker of Sorrow (Legions)";"Rare";"0";"";""
"CMB1";"730";"Druid's Call";"Uncommon";"0";"";""
"CMB1";"730";"Dryad Arbor";"Uncommon";"0";"";""
"CMB1";"730";"Eater of Days";"Rare";"0";"";""
"CMB1";"730";"Elas il-Kor, Sadistic Pilgrim (Dominaria United)";"Uncommon";"0";"";""
"CMB1";"730";"Eldrazi Monument";"Mythic";"0";"";""
"CMB1";"730";"Electrostatic Pummeler";"Rare";"0";"";""
"CMB1";"730";"Elenda, the Dusk Rose";"Mythic";"0";"";""
"CMB1";"730";"Elesh Norn, Grand Cenobite";"Mythic";"0";"";""
"CMB1";"730";"Elixir of Immortality";"Uncommon";"0";"";""
"CMB1";"730";"Elspeth, Undaunted Hero";"Mythic";"0";"";""
"CMB1";"730";"Elvish Champion";"Rare";"0";"";""
"CMB1";"730";"Embercleave";"Mythic";"0";"";""
"CMB1";"730";"Emeria, the Sky Ruin";"Rare";"0";"";""
"CMB1";"730";"Energy Field";"Rare";"0";"";""
"CMB1";"730";"Enlightened Tutor";"Uncommon";"0";"";""
"CMB1";"730";"Ensoul Artifact";"Uncommon";"0";"";""
"CMB1";"730";"Entreat the Dead";"Rare";"0";"";""
"CMB1";"730";"Ertai, the Corrupted (Planeshift)";"Rare";"0";"";""
"CMB1";"730";"Eternal Dominion";"Rare";"0";"";""
"CMB1";"730";"Eternal Witness (Fifth Dawn)";"Uncommon";"0";"";""
"CMB1";"730";"Eternal Witness (Ultimate Masters)";"Uncommon";"0";"";""
"CMB1";"730";"Etherium-Horn Sorcerer";"Rare";"0";"";""
"CMB1";"730";"Expropriate";"Mythic";"0";"";""
"CMB1";"730";"Exquisite Blood";"Rare";"0";"";""
"CMB1";"730";"Faerie Conclave";"Uncommon";"0";"";""
"CMB1";"730";"Fathom Mage";"Rare";"0";"";""
"CMB1";"730";"Feldon of the Third Path (Commander 2021)";"Mythic";"0";"";""
"CMB1";"730";"Felidar Guardian";"Uncommon";"0";"";""
"CMB1";"730";"Felidar Sovereign";"Rare";"0";"";""
"CMB1";"730";"Fellwar Stone";"Uncommon";"0";"";""
"CMB1";"730";"Field of Ruin";"Uncommon";"0";"";""
"CMB1";"730";"Fiendslayer Paladin";"Rare";"0";"";""
"CMB1";"730";"Fiery Justice";"Rare";"0";"";""
"CMB1";"730";"Five-Alarm Fire (Gatecrash)";"Rare";"0";"";""
"CMB1";"730";"Flamekin Harbinger (Foil)";"Uncommon";"0";"";""
"CMB1";"730";"Flamekin Village (Commander 2014)";"Rare";"0";"";""
"CMB1";"730";"Font of Mythos";"Rare";"0";"";""
"CMB1";"730";"Food Chain";"Rare";"0";"";""
"CMB1";"730";"Force of Savagery";"Rare";"0";"";""
"CMB1";"730";"Force of Vigor (Modern Horizons)";"Rare";"0";"";""
"CMB1";"730";"Forced Fruition";"Rare";"0";"";""
"CMB1";"730";"Form of the Dragon (Foil)";"Rare";"0";"";""
"CMB1";"730";"Forsaken City";"Rare";"0";"";""
"CMB1";"730";"Fractured Powerstone";"Common";"0";"";""
"CMB1";"730";"Frontier Bivouac";"Uncommon";"0";"";""
"CMB1";"730";"Frost Titan";"Mythic";"0";"";""
"CMB1";"730";"Fungusaur (Foil)";"Rare";"0";"";""
"CMB1";"730";"Furnace of Rath (Tempest)";"Rare";"0";"";""
"CMB1";"730";"Gaea's Anthem";"Rare";"0";"";""
"CMB1";"730";"Gauntlet of Power";"Rare";"0";"";""
"CMB1";"730";"Gempalm Polluter";"Common";"0";"";""
"CMB1";"730";"Gemstone Mine";"Rare";"0";"";""
"CMB1";"730";"Geralf's Messenger";"Rare";"0";"";""
"CMB1";"730";"Geth's Grimoire (Foil)";"Uncommon";"0";"";""
"CMB1";"730";"Ghost Quarter (Dissension)";"Uncommon";"0";"";""
"CMB1";"730";"Ghostway";"Rare";"0";"";""
"CMB1";"730";"Gilt-Leaf Palace";"Rare";"0";"";""
"CMB1";"730";"Gisa and Geralf";"Mythic";"0";"";""
"CMB1";"730";"Gleeful Sabotage (Foil)";"Common";"0";"";""
"CMB1";"730";"Glittering Wish";"Rare";"0";"";""
"CMB1";"730";"Gnaw to the Bone";"Common";"0";"";""
"CMB1";"730";"Goblin Assassin";"Uncommon";"0";"";""
"CMB1";"730";"Goblin Assault";"Uncommon";"0";"";""
"CMB1";"730";"Goblin Bombardment";"Uncommon";"0";"";""
"CMB1";"730";"Goblin Bushwhacker (Foil)";"Common";"0";"";""
"CMB1";"730";"Goblin Charbelcher";"Rare";"0";"";""
"CMB1";"730";"Goblin Chieftain";"Rare";"0";"";""
"CMB1";"730";"Goblin Game";"Rare";"0";"";""
"CMB1";"730";"Goblin Grenade";"Uncommon";"0";"";""
"CMB1";"730";"Goblin Lore";"Uncommon";"0";"";""
"CMB1";"730";"Goblin Piledriver";"Rare";"0";"";""
"CMB1";"730";"Goblin Warchief";"Uncommon";"0";"";""
"CMB1";"730";"Goldspan Dragon";"Mythic";"0";"";""
"CMB1";"730";"Golgari Thug";"Uncommon";"0";"";""
"CMB1";"730";"Gonti, Lord of Luxury";"Rare";"0";"";""
"CMB1";"730";"Grand Arbiter Augustin IV";"Rare";"0";"";""
"CMB1";"730";"Grave Titan";"Mythic";"0";"";""
"CMB1";"730";"Gravecrawler";"Rare";"0";"";""
"CMB1";"730";"Great Furnace (Non-Foil, Mirrodin)";"Common";"0";"";""
"CMB1";"730";"Greenbelt Rampager";"Rare";"0";"";""
"CMB1";"730";"Grenzo, Dungeon Warden";"Rare";"0";"";""
"CMB1";"730";"Groundbreaker";"Rare";"0";"";""
"CMB1";"730";"Gurmag Angler";"Common";"0";"";""
"CMB1";"730";"Gutter Grime";"Rare";"0";"";""
"CMB1";"730";"Guul Draz Assassin";"Rare";"0";"";""
"CMB1";"730";"Hall of the Bandit Lord";"Rare";"0";"";""
"CMB1";"730";"Hammer of Purphoros";"Rare";"0";"";""
"CMB1";"730";"Heartless Hidetsugu";"Rare";"0";"";""
"CMB1";"730";"Heartwood Storyteller";"Rare";"0";"";""
"CMB1";"730";"Hedron Crab";"Uncommon";"0";"";""
"CMB1";"730";"Helm of the Host (Dominaria)";"Rare";"0";"";""
"CMB1";"730";"Helvault";"Mythic";"0";"";""
"CMB1";"730";"Herald's Horn";"Uncommon";"0";"";""
"CMB1";"730";"Hidetsugu's Second Rite";"Rare";"0";"";""
"CMB1";"730";"High Alert";"Uncommon";"0";"";""
"CMB1";"730";"High Market (Mercadian Masques)";"Rare";"0";"";""
"CMB1";"730";"Hokori, Dust Drinker";"Rare";"0";"";""
"CMB1";"730";"Honden of Infinite Rage";"Uncommon";"0";"";""
"CMB1";"730";"Honden of Seeing Winds";"Uncommon";"0";"";""
"CMB1";"730";"Hornet Nest";"Rare";"0";"";""
"CMB1";"730";"Howling Mine";"Rare";"0";"";""
"CMB1";"730";"Hua Tuo, Honored Physician";"Rare";"0";"";""
"CMB1";"730";"Hurkyl's Recall (Modern Masters 2015)";"Rare";"0";"";""
"CMB1";"730";"Hurricane";"Rare";"0";"";""
"CMB1";"730";"Hymn to Tourach";"Uncommon";"0";"";""
"CMB1";"730";"Hypnotic Specter";"Rare";"0";"";""
"CMB1";"730";"Haakon, Stromgald Scourge";"Rare";"0";"";""
"CMB1";"730";"Ib Halfheart, Goblin Tactician";"Rare";"0";"";""
"CMB1";"730";"Impact Tremors";"Common";"0";"";""
"CMB1";"730";"Invisible Stalker";"Uncommon";"0";"";""
"CMB1";"730";"Isamaru, Hound of Konda (Foil)";"Rare";"0";"";""
"CMB1";"730";"Ixidor, Reality Sculptor";"Rare";"0";"";""
"CMB1";"730";"Jace, Wielder of Mysteries";"Rare";"0";"";""
"CMB1";"730";"Jedit Ojanen of Efrava (Planar Chaos)";"Rare";"0";"";""
"CMB1";"730";"Jin-Gitaxias, Core Augur";"Mythic";"0";"";""
"CMB1";"730";"Jinxed Ring (Stronghold)";"Uncommon";"0";"";""
"CMB1";"730";"Jushi Apprentice";"Rare";"0";"";""
"CMB1";"730";"Kalonian Hydra";"Mythic";"0";"";""
"CMB1";"730";"Karoo (Visions)";"Uncommon";"0";"";""
"CMB1";"730";"Kederekt Parasite";"Rare";"0";"";""
"CMB1";"730";"Kenrith, the Returned King (Throne of Eldraine)";"Mythic";"0";"";""
"CMB1";"730";"Khalni Heart Expedition";"Common";"0";"";""
"CMB1";"730";"Kiki-Jiki, Mirror Breaker (Modern Masters 2015)";"Mythic";"0";"";""
"CMB1";"730";"Kilnmouth Dragon";"Rare";"0";"";""
"CMB1";"730";"Kindred Discovery";"Rare";"0";"";""
"CMB1";"730";"Knollspine Dragon";"Rare";"0";"";""
"CMB1";"730";"Knowledge Pool (Foil)";"Rare";"0";"";""
"CMB1";"730";"Kolaghan's Command";"Rare";"0";"";""
"CMB1";"730";"Korvold, Fae-Cursed King";"Mythic";"0";"";""
"CMB1";"730";"Kozilek, Butcher of Truth";"Mythic";"0";"";""
"CMB1";"730";"Krark's Thumb";"Rare";"0";"";""
"CMB1";"730";"Krenko, Mob Boss";"Rare";"0";"";""
"CMB1";"730";"Krenko, Tin Street Kingpin";"Rare";"0";"";""
"CMB1";"730";"Kruphix, God of Horizons";"Mythic";"0";"";""
"CMB1";"730";"Kuldotha Rebirth";"Common";"0";"";""
"CMB1";"730";"Kulrath Knight";"Uncommon";"0";"";""
"CMB1";"730";"Laboratory Maniac";"Uncommon";"0";"";""
"CMB1";"730";"Land Tax";"Mythic";"0";"";""
"CMB1";"730";"Lathliss, Dragon Queen";"Rare";"0";"";""
"CMB1";"730";"Lich's Mirror (Foil)";"Mythic";"0";"";""
"CMB1";"730";"Lightning Greaves (Commander 2019)";"Uncommon";"0";"";""
"CMB1";"730";"Lightning Storm (Foil)";"Rare";"0";"";""
"CMB1";"730";"Liliana, Death's Majesty";"Mythic";"0";"";""
"CMB1";"730";"Linvala, Shield of Sea Gate";"Rare";"0";"";""
"CMB1";"730";"Living Death";"Rare";"0";"";""
"CMB1";"730";"Llanowar Reborn";"Uncommon";"0";"";""
"CMB1";"730";"Lolth, Spider Queen";"Mythic";"0";"";""
"CMB1";"730";"Lotus Petal";"Common";"0";"";""
"CMB1";"730";"Loxodon Warhammer";"Uncommon";"0";"";""
"CMB1";"730";"Loyal Apprentice";"Uncommon";"0";"";""
"CMB1";"730";"Maelstrom Archangel";"Mythic";"0";"";""
"CMB1";"730";"Maelstrom Nexus (Foil)";"Mythic";"0";"";""
"CMB1";"730";"Maelstrom Nexus (Non-Foil)";"Mythic";"0";"";""
"CMB1";"730";"Magus of the Vineyard (Future Sight)";"Rare";"0";"";""
"CMB1";"730";"Malignus";"Mythic";"0";"";""
"CMB1";"730";"Mana Crypt";"Mythic";"0";"";""
"CMB1";"730";"Manamorphose";"Common";"0";"";""
"CMB1";"730";"March of the Machines (Mirrodin)";"Rare";"0";"";""
"CMB1";"730";"Marrow-Gnawer (Foil)";"Rare";"0";"";""
"CMB1";"730";"Martyr's Bond";"Rare";"0";"";""
"CMB1";"730";"Mass Hysteria";"Rare";"0";"";""
"CMB1";"730";"Master of Cruelties";"Mythic";"0";"";""
"CMB1";"730";"Master of the Wild Hunt";"Mythic";"0";"";""
"CMB1";"730";"Master Transmuter";"Rare";"0";"";""
"CMB1";"730";"Meandering Towershell";"Rare";"0";"";""
"CMB1";"730";"Meddling Mage";"Rare";"0";"";""
"CMB1";"730";"Memnite";"Uncommon";"0";"";""
"CMB1";"730";"Memnite (Scars of Mirrodin, Foil)";"Uncommon";"0";"";""
"CMB1";"730";"Memory Erosion";"Rare";"0";"";""
"CMB1";"730";"Mentor of the Meek";"Uncommon";"0";"";""
"CMB1";"730";"Meren of Clan Nel Toth";"Mythic";"0";"";""
"CMB1";"730";"Michiko Konda, Truth Seeker";"Rare";"0";"";""
"CMB1";"730";"Mimic Vat";"Rare";"0";"";""
"CMB1";"730";"Mind Funeral";"Uncommon";"0";"";""
"CMB1";"730";"Mind Spring";"Rare";"0";"";""
"CMB1";"730";"Mindslaver (Foil)";"Rare";"0";"";""
"CMB1";"730";"Mirrodin Besieged (Modern Horizons)";"Rare";"0";"";""
"CMB1";"730";"Mirror Entity";"Rare";"0";"";""
"CMB1";"730";"Mirror Gallery";"Rare";"0";"";""
"CMB1";"730";"Misdirection";"Rare";"0";"";""
"CMB1";"730";"Mishra's Bauble";"Uncommon";"0";"";""
"CMB1";"730";"Misthollow Griffin (Foil)";"Mythic";"0";"";""
"CMB1";"730";"Mizzix's Mastery";"Rare";"0";"";""
"CMB1";"730";"Moldervine Reclamation";"Uncommon";"0";"";""
"CMB1";"730";"Molten Psyche";"Rare";"0";"";""
"CMB1";"730";"Monastery Swiftspear";"Uncommon";"0";"";""
"CMB1";"730";"Monologue Tax";"Rare";"0";"";""
"CMB1";"730";"Moonlace";"Rare";"0";"";""
"CMB1";"730";"Morophon, the Boundless";"Mythic";"0";"";""
"CMB1";"730";"Mortify";"Uncommon";"0";"";""
"CMB1";"730";"Mother of Runes";"Uncommon";"0";"";""
"CMB1";"730";"Mulldrifter";"Common";"0";"";""
"CMB1";"730";"Murkfiend Liege";"Rare";"0";"";""
"CMB1";"730";"Muscle Sliver";"Common";"0";"";""
"CMB1";"730";"Mycoloth";"Rare";"0";"";""
"CMB1";"730";"Myojin of Life's Web (Foil)";"Rare";"0";"";""
"CMB1";"730";"Nature's Lore";"Common";"0";"";""
"CMB1";"730";"Needle Specter (Eventide)";"Rare";"0";"";""
"CMB1";"730";"Negate (Player Rewards)";"Rare";"0";"";""
"CMB1";"730";"Nemesis of Reason";"Rare";"0";"";""
"CMB1";"730";"Netherborn Altar (Commander 2020)";"Rare";"0";"";""
"CMB1";"730";"Nezumi Graverobber";"Uncommon";"0";"";""
"CMB1";"730";"Night's Whisper";"Common";"0";"";""
"CMB1";"730";"Nissa, Voice of Zendikar";"Mythic";"0";"";""
"CMB1";"730";"Noble Benefactor";"Rare";"0";"";""
"CMB1";"730";"Norin the Wary (Foil)";"Rare";"0";"";""
"CMB1";"730";"Norn's Annex (Foil)";"Rare";"0";"";""
"CMB1";"730";"Noxious Ghoul";"Uncommon";"0";"";""
"CMB1";"730";"Noxious Revival";"Uncommon";"0";"";""
"CMB1";"730";"Nut Collector";"Rare";"0";"";""
"CMB1";"730";"Nylea, God of the Hunt";"Mythic";"0";"";""
"CMB1";"730";"Nyx Weaver";"Uncommon";"0";"";""
"CMB1";"730";"Ob Nixilis, the Fallen";"Mythic";"0";"";""
"CMB1";"730";"Obliterate (Invasion)";"Rare";"0";"";""
"CMB1";"730";"Octopus Umbra";"Rare";"0";"";""
"CMB1";"730";"Odds - Ends";"Rare";"0";"";""
"CMB1";"730";"Odric, Lunarch Marshal";"Rare";"0";"";""
"CMB1";"730";"Okina, Temple to the Grandfathers";"Rare";"0";"";""
"CMB1";"730";"Ominous Seas";"Uncommon";"0";"";""
"CMB1";"730";"One with Nothing (Foil)";"Rare";"0";"";""
"CMB1";"730";"Oracle of Nectars";"Rare";"0";"";""
"CMB1";"730";"Orim's Chant (Planeshift)";"Rare";"0";"";""
"CMB1";"730";"Ormos, Archive Keeper";"Rare";"0";"";""
"CMB1";"730";"Oubliette";"Uncommon";"0";"";""
"CMB1";"730";"Oxidize";"Common";"0";"";""
"CMB1";"730";"Pandemonium (Exodus)";"Rare";"0";"";""
"CMB1";"730";"Panharmonicon";"Rare";"0";"";""
"CMB1";"730";"Parallel Evolution";"Rare";"0";"";""
"CMB1";"730";"Pariah's Shield";"Rare";"0";"";""
"CMB1";"730";"Pathrazer of Ulamog";"Uncommon";"0";"";""
"CMB1";"730";"Patron of the Moon (Foil)";"Rare";"0";"";""
"CMB1";"730";"Patron Wizard";"Rare";"0";"";""
"CMB1";"730";"Pentarch Ward";"Common";"0";"";""
"CMB1";"730";"Petrified Field";"Rare";"0";"";""
"CMB1";"730";"Phyrexian Arena (CN2)";"Rare";"0";"";""
"CMB1";"730";"Phyrexian Etchings (Coldsnap)";"Rare";"0";"";""
"CMB1";"730";"Phyrexian Metamorph";"Rare";"0";"";""
"CMB1";"730";"Phyrexian Reclamation";"Uncommon";"0";"";""
"CMB1";"730";"Phyrexian Scriptures (Dominaria)";"Mythic";"0";"";""
"CMB1";"730";"Phyrexian Soulgorger";"Rare";"0";"";""
"CMB1";"730";"Phyrexian Tyranny";"Rare";"0";"";""
"CMB1";"730";"Phyrexian Vatmother (Mirrodin Besieged)";"Rare";"0";"";""
"CMB1";"730";"Phyrexian Walker (Visions)";"Common";"0";"";""
"CMB1";"730";"Pitiless Plunderer";"Uncommon";"0";"";""
"CMB1";"730";"Plains";"Common";"0";"";""
"CMB1";"730";"Planar Portal (Invasion)";"Rare";"0";"";""
"CMB1";"730";"Planeswalker's Fury (Planeshift)";"Rare";"0";"";""
"CMB1";"730";"Platinum Angel";"Mythic";"0";"";""
"CMB1";"730";"Plea for Power";"Rare";"0";"";""
"CMB1";"730";"Precursor Golem";"Rare";"0";"";""
"CMB1";"730";"Preordain (C2015)";"Common";"0";"";""
"CMB1";"730";"Price of Progress";"Uncommon";"0";"";""
"CMB1";"730";"Prismatic Geoscope";"Rare";"0";"";""
"CMB1";"730";"Progenitus";"Mythic";"0";"";""
"CMB1";"730";"Propaganda";"Uncommon";"0";"";""
"CMB1";"730";"Prossh, Skyraider of Kher (Masters 25)";"Mythic";"0";"";""
"CMB1";"730";"Puca's Mischief (Foil)";"Rare";"0";"";""
"CMB1";"730";"Pull from Eternity (Foil)";"Uncommon";"0";"";""
"CMB1";"730";"Purphoros, God of the Forge";"Mythic";"0";"";""
"CMB1";"730";"Putrefy";"Uncommon";"0";"";""
"CMB1";"730";"Pyretic Ritual (Foil)";"Rare";"0";"";""
"CMB1";"730";"Queen Marchesa";"Mythic";"0";"";""
"CMB1";"730";"Questing Phelddagrif";"Rare";"0";"";""
"CMB1";"730";"Rage Reflection";"Rare";"0";"";""
"CMB1";"730";"Rampant Growth";"Common";"0";"";""
"CMB1";"730";"Rancor";"Uncommon";"0";"";""
"CMB1";"730";"Ranger-Captain of Eos";"Mythic";"0";"";""
"CMB1";"730";"Rat Colony";"Common";"0";"";""
"CMB1";"730";"Ravenous Chupacabra";"Uncommon";"0";"";""
"CMB1";"730";"Ravnica at War (War of the Spark)";"Rare";"0";"";""
"CMB1";"730";"Rayne, Academy Chancellor (Urza's Destiny)";"Rare";"0";"";""
"CMB1";"730";"Reality Scramble";"Rare";"0";"";""
"CMB1";"730";"Reality Shift";"Uncommon";"0";"";""
"CMB1";"730";"Reaper King (Foil)";"Rare";"0";"";""
"CMB1";"730";"Recruiter of the Guard";"Rare";"0";"";""
"CMB1";"730";"Reflector Mage";"Uncommon";"0";"";""
"CMB1";"730";"Reki, the History of Kamigawa (Foil)";"Rare";"0";"";""
"CMB1";"730";"Relentless Rats";"Uncommon";"0";"";""
"CMB1";"730";"Reliquary Tower";"Uncommon";"0";"";""
"CMB1";"730";"Revel in Riches";"Rare";"0";"";""
"CMB1";"730";"Rhonas's Monument";"Uncommon";"0";"";""
"CMB1";"730";"Rhys the Redeemed";"Rare";"0";"";""
"CMB1";"730";"Rhystic Study";"Common";"0";"";""
"CMB1";"730";"Riftsweeper";"Uncommon";"0";"";""
"CMB1";"730";"Ring of Three Wishes";"Mythic";"0";"";""
"CMB1";"730";"Riptide Director";"Rare";"0";"";""
"CMB1";"730";"Risen Reef";"Uncommon";"0";"";""
"CMB1";"730";"Rith, the Awakener";"Rare";"0";"";""
"CMB1";"730";"Rogue's Passage";"Uncommon";"0";"";""
"CMB1";"730";"Roon of the Hidden Realm";"Mythic";"0";"";""
"CMB1";"730";"Rout (Commander 2021)";"Rare";"0";"";""
"CMB1";"730";"Ruin Grinder";"Rare";"0";"";""
"CMB1";"730";"Rune-Tail, Kitsune Ascendant";"Rare";"0";"";""
"CMB1";"730";"Runed Halo";"Rare";"0";"";""
"CMB1";"730";"Sadistic Hypnotist";"Uncommon";"0";"";""
"CMB1";"730";"Saheeli Rai (Kaladesh)";"Mythic";"0";"";""
"CMB1";"730";"Sakashima the Impostor";"Rare";"0";"";""
"CMB1";"730";"Sakashima's Student";"Rare";"0";"";""
"CMB1";"730";"Sakura-Tribe Scout (Foil)";"Common";"0";"";""
"CMB1";"730";"Sarkhan the Mad (foil)";"Mythic";"0";"";""
"CMB1";"730";"Scarecrone";"Rare";"0";"";""
"CMB1";"730";"Scion of Draco";"Mythic";"0";"";""
"CMB1";"730";"Scourge of the Throne";"Mythic";"0";"";""
"CMB1";"730";"Scourge of the Throne (Foil)";"Mythic";"0";"";""
"CMB1";"730";"Scroll Rack";"Rare";"0";"";""
"CMB1";"730";"Scryb Ranger";"Uncommon";"0";"";""
"CMB1";"730";"Sea of Clouds";"Rare";"0";"";""
"CMB1";"730";"Second Sunrise";"Rare";"0";"";""
"CMB1";"730";"Selfless Spirit";"Rare";"0";"";""
"CMB1";"730";"Selvala, Heart of the Wilds";"Mythic";"0";"";""
"CMB1";"730";"Sen Triplets (Foil)";"Mythic";"0";"";""
"CMB1";"730";"Sensei Golden-Tail";"Rare";"0";"";""
"CMB1";"730";"Sensei's Divining Top";"Rare";"0";"";""
"CMB1";"730";"Sewer Nemesis";"Rare";"0";"";""
"CMB1";"730";"Shamanic Revelation";"Rare";"0";"";""
"CMB1";"730";"Shield of the Oversoul";"Common";"0";"";""
"CMB1";"730";"Simian Spirit Guide";"Common";"0";"";""
"CMB1";"730";"Skarrg, the Rage Pits";"Uncommon";"0";"";""
"CMB1";"730";"Skirk Fire Marshal";"Rare";"0";"";""
"CMB1";"730";"Skithiryx, the Blight Dragon";"Mythic";"0";"";""
"CMB1";"730";"Skullclamp";"Uncommon";"0";"";""
"CMB1";"730";"Skullwinder";"Uncommon";"0";"";""
"CMB1";"730";"Sleeper Agent";"Rare";"0";"";""
"CMB1";"730";"Sliver Hivelord";"Mythic";"0";"";""
"CMB1";"730";"Solemn Simulacrum";"Rare";"0";"";""
"CMB1";"730";"Soothsaying";"Rare";"0";"";""
"CMB1";"730";"Soothsaying";"Uncommon";"0";"";""
"CMB1";"730";"Sorin Markov (Zendikar)";"Mythic";"0";"";""
"CMB1";"730";"Soul of New Phyrexia (2015 Core Set)";"Mythic";"0";"";""
"CMB1";"730";"Spawnwrithe (Commander 2011)";"Rare";"0";"";""
"CMB1";"730";"Speaker of the Heavens";"Rare";"0";"";""
"CMB1";"730";"Spectral Force";"Rare";"0";"";""
"CMB1";"730";"Spell Snare";"Uncommon";"0";"";""
"CMB1";"730";"Spellbook";"Uncommon";"0";"";""
"CMB1";"730";"Spelltithe Enforcer (Foil)";"Rare";"0";"";""
"CMB1";"730";"Sphinx's Tutelage";"Uncommon";"0";"";""
"CMB1";"730";"Spike Feeder (Foil)";"Rare";"0";"";""
"CMB1";"730";"Spike Weaver";"Rare";"0";"";""
"CMB1";"730";"Spirit of the Labyrinth";"Rare";"0";"";""
"CMB1";"730";"Squirrel Wrangler";"Rare";"0";"";""
"CMB1";"730";"Star of Extinction";"Mythic";"0";"";""
"CMB1";"730";"Stonehewer Giant";"Rare";"0";"";""
"CMB1";"730";"Stonybrook Banneret";"Common";"0";"";""
"CMB1";"730";"Strangleroot Geist";"Uncommon";"0";"";""
"CMB1";"730";"Stromkirk Captain (Dark Ascension)";"Uncommon";"0";"";""
"CMB1";"730";"Student of Warfare";"Rare";"0";"";""
"CMB1";"730";"Sundial of the Infinite (Foil)";"Rare";"0";"";""
"CMB1";"730";"Supreme Verdict";"Rare";"0";"";""
"CMB1";"730";"Swiftfoot Boots (Non-Foil)";"Uncommon";"0";"";""
"CMB1";"730";"Sword of the Animist";"Rare";"0";"";""
"CMB1";"730";"Sword of Vengeance (Non-Foil - 2011 Core Set)";"Rare";"0";"";""
"CMB1";"730";"Swords to Plowshares (Commander 2016)";"Uncommon";"0";"";""
"CMB1";"730";"Syr Konrad, the Grim";"Uncommon";"0";"";""
"CMB1";"730";"Talrand, Sky Summoner";"Rare";"0";"";""
"CMB1";"730";"Tatyova, Benthic Druid";"Uncommon";"0";"";""
"CMB1";"730";"Taurean Mauler";"Rare";"0";"";""
"CMB1";"730";"Taurean Mauler (Morningtide)";"Rare";"0";"";""
"CMB1";"730";"Tectonic Edge";"Uncommon";"0";"";""
"CMB1";"730";"Teferi, Hero of Dominaria";"Mythic";"0";"";""
"CMB1";"730";"Teferi, Temporal Archmage";"Mythic";"0";"";""
"CMB1";"730";"Teferi's Protection";"Rare";"0";"";""
"CMB1";"730";"Tek";"Rare";"0";"";""
"CMB1";"730";"Temporal Mastery";"Mythic";"0";"";""
"CMB1";"730";"Tempt with Discovery";"Rare";"0";"";""
"CMB1";"730";"Tendo Ice Bridge";"Rare";"0";"";""
"CMB1";"730";"Thalia's Lancers";"Rare";"0";"";""
"CMB1";"730";"Thalia's Lieutenant";"Rare";"0";"";""
"CMB1";"730";"That Which Was Taken";"Rare";"0";"";""
"CMB1";"730";"The Antiquities War";"Rare";"0";"";""
"CMB1";"730";"The Chain Veil";"Mythic";"0";"";""
"CMB1";"730";"The Gitrog Monster";"Mythic";"0";"";""
"CMB1";"730";"The Mending of Dominaria";"Rare";"0";"";""
"CMB1";"730";"The Mirari Conjecture";"Rare";"0";"";""
"CMB1";"730";"The World Tree (Kaldheim)";"Rare";"0";"";""
"CMB1";"730";"Thought Vessel";"Common";"0";"";""
"CMB1";"730";"Thought Vessel (Commander Anthology)";"Common";"0";"";""
"CMB1";"730";"Thought-Knot Seer";"Rare";"0";"";""
"CMB1";"730";"Thousand-Year Elixir";"Rare";"0";"";""
"CMB1";"730";"Thran Dynamo";"Uncommon";"0";"";""
"CMB1";"730";"Thran Quarry (Urza's Saga)";"Rare";"0";"";""
"CMB1";"730";"Thrun, the Last Troll";"Mythic";"0";"";""
"CMB1";"730";"Tiamat";"Mythic";"0";"";""
"CMB1";"730";"Timberwatch Elf";"Uncommon";"0";"";""
"CMB1";"730";"Time Sieve";"Rare";"0";"";""
"CMB1";"730";"Time Stretch (Odyssey)";"Rare";"0";"";""
"CMB1";"730";"Tireless Provisioner";"Uncommon";"0";"";""
"CMB1";"730";"Tolsimir, Friend to Wolves (War of the Spark)";"Rare";"0";"";""
"CMB1";"730";"Torment of Hailfire";"Rare";"0";"";""
"CMB1";"730";"Tortured Existence";"Common";"0";"";""
"CMB1";"730";"Toxin Sliver";"Rare";"0";"";""
"CMB1";"730";"Trade Routes";"Rare";"0";"";""
"CMB1";"730";"Trading Post";"Rare";"0";"";""
"CMB1";"730";"Trailblazer's Boots (Foil)";"Uncommon";"0";"";""
"CMB1";"730";"Triskelion (Foil)";"Rare";"0";"";""
"CMB1";"730";"Triumph of the Hordes";"Uncommon";"0";"";""
"CMB1";"730";"Tsabo Tavoc (Invasion)";"Rare";"0";"";""
"CMB1";"730";"Tuktuk the Explorer";"Rare";"0";"";""
"CMB1";"730";"Umbral Mantle";"Uncommon";"0";"";""
"CMB1";"730";"Umezawa's Jitte";"Rare";"0";"";""
"CMB1";"730";"Unbound Flourishing";"Mythic";"0";"";""
"CMB1";"730";"Unclaimed Territory";"Uncommon";"0";"";""
"CMB1";"730";"Unexpected Results";"Rare";"0";"";""
"CMB1";"730";"Unwinding Clock";"Rare";"0";"";""
"CMB1";"730";"Urabrask the Hidden";"Mythic";"0";"";""
"CMB1";"730";"Uro, Titan of Nature's Wrath";"Mythic";"0";"";""
"CMB1";"730";"Urza's Saga";"Rare";"0";"";""
"CMB1";"730";"Vampiric Tutor";"Mythic";"0";"";""
"CMB1";"730";"Vela the Night-Clad";"Mythic";"0";"";""
"CMB1";"730";"Venom Sliver";"Uncommon";"0";"";""
"CMB1";"730";"Vesuva";"Rare";"0";"";""
"CMB1";"730";"Victimize";"Uncommon";"0";"";""
"CMB1";"730";"Vigor";"Rare";"0";"";""
"CMB1";"730";"Virulent Sliver (Future Sight)";"Common";"0";"";""
"CMB1";"730";"Viscera Seer (Foil)";"Common";"0";"";""
"CMB1";"730";"Volrath's Dungeon";"Rare";"0";"";""
"CMB1";"730";"Wall of Denial";"Uncommon";"0";"";""
"CMB1";"730";"Wall of Omens";"Uncommon";"0";"";""
"CMB1";"730";"Wargate";"Rare";"0";"";""
"CMB1";"730";"Wastes";"Common";"0";"";""
"CMB1";"730";"Wayfarer's Bauble";"Common";"0";"";""
"CMB1";"730";"Weathered Wayfarer";"Rare";"0";"";""
"CMB1";"730";"Weatherlight";"Mythic";"0";"";""
"CMB1";"730";"Wheel of Fate";"Rare";"0";"";""
"CMB1";"730";"Wheel of Torture (Urza's Legacy)";"Rare";"0";"";""
"CMB1";"730";"Whelming Wave";"Rare";"0";"";""
"CMB1";"730";"Whir of Invention";"Rare";"0";"";""
"CMB1";"730";"Whirlpool Warrior (Apocalypse)";"Rare";"0";"";""
"CMB1";"730";"Whispersilk Cloak";"Uncommon";"0";"";""
"CMB1";"730";"Whispersteel Dagger";"Rare";"0";"";""
"CMB1";"730";"Windborn Muse";"Rare";"0";"";""
"CMB1";"730";"Winds of Abandon";"Rare";"0";"";""
"CMB1";"730";"Witch Hunt";"Rare";"0";"";""
"CMB1";"730";"Witch of the Moors";"Rare";"0";"";""
"CMB1";"730";"Witch's Oven";"Uncommon";"0";"";""
"CMB1";"730";"Wolfir Silverheart";"Rare";"0";"";""
"CMB1";"730";"Worldgorger Dragon";"Rare";"0";"";""
"CMB1";"730";"Worldspine Wurm";"Mythic";"0";"";""
"CMB1";"730";"Yawgmoth's Agenda (Invasion)";"Rare";"0";"";""
"CMB1";"730";"Yisan, the Wanderer Bard";"Rare";"0";"";""
"CMB1";"730";"Young Pyromancer (Duel Deck: Mind vs. Might)";"Uncommon";"0";"";""
"CMB1";"730";"Yuriko, the Tiger's Shadow";"Rare";"0";"";""
"CMB1";"730";"Zendikar's Roil";"Uncommon";"0";"";""
"CMB1";"730";"Zombie Apocalypse";"Rare";"0";"";""
"CMB1";"730";"Zur's Weirding (Foil)";"Rare";"0";"";""
"SPG";"178";"Mulldrifter";"Special";"6";"";""
"SPG";"178";"Paradoxical Outcome";"Special";"6";"";""
"SPG";"178";"Voidmage Prodigy";"Special";"6";"";""
"SPG";"178";"Scragnoth";"Special";"5";"";""
"SPG";"178";"Willbender";"Special";"5";"";""
"SPG";"178";"Disdainful Stroke";"Special";"4";"";""
"SPG";"178";"Dreadhorde Arcanist";"Special";"4";"";""
"SPG";"178";"Ethereal Armor";"Special";"2";"";""
"SPG";"178";"Intangible Virtue";"Special";"2";"";""
"SPG";"178";"Leyline of the Void";"Special";"2";"";""
"SPG";"178";"Sorcerous Spyglass";"Special";"2";"";""
"SPG";"178";"Temur Battle Rage";"Special";"2";"";""
"SPG";"178";"Time of Need";"Special";"2";"";""
"SPG";"178";"Assault - Battery";"Special";"1";"";""
"SPG";"178";"Become Immense";"Special";"1";"";""
"SPG";"178";"Browbeat";"Special";"1";"";""
"SPG";"178";"Cockatrice";"Special";"1";"";""
"SPG";"178";"Gurmag Angler";"Special";"1";"";""
"SPG";"178";"Laboratory Maniac";"Special";"1";"";""
"SPG";"178";"Lavinia, Azorius Renegade";"Special";"1";"";""
"SPG";"178";"Master of the Pearl Trident";"Special";"1";"";""
"SPG";"178";"Mystical Enforcer";"Special";"1";"";""
"SPG";"178";"Palace Jailer";"Special";"1";"";""
"SPG";"178";"Slimefoot, the Stowaway";"Special";"1";"";""
"SPG";"178";"Thoughtseize";"Special";"1";"";""
"SPG";"178";"Tidehollow Sculler";"Special";"1";"";""
"SPG";"178";"Uthden Troll";"Special";"1";"";""
"SPG";"178";"Void";"Special";"1";"";""
"SPG";"178";"War Barge";"Special";"1";"";""
"SPG";"178";"Wildfire Emissary";"Special";"1";"";""
"SPG";"178";"Abrupt Decay";"Special";"0";"";""
"SPG";"178";"Ajani's Pridemate";"Special";"0";"";""
"SPG";"178";"Akroma, Angel of Wrath";"Special";"0";"";""
"SPG";"178";"Alesha, Who Smiles at Death";"Special";"0";"";""
"SPG";"178";"Ancient Den";"Special";"0";"";""
"SPG";"178";"Ancient Stirrings";"Special";"0";"";""
"SPG";"178";"Anger of the Gods";"Special";"0";"";""
"SPG";"178";"Arcades, the Strategist";"Special";"0";"";""
"SPG";"178";"Arch of Orazca";"Special";"0";"";""
"SPG";"178";"Arena";"Special";"0";"";""
"SPG";"178";"Avalanche Riders";"Special";"0";"";""
"SPG";"178";"Avatar of Woe";"Special";"0";"";""
"SPG";"178";"Avatar of Woe (Foil)";"Special";"0";"";""
"SPG";"178";"Banishing Light";"Special";"0";"";""
"SPG";"178";"Baral, Chief of Compliance";"Special";"0";"";""
"SPG";"178";"Beast Whisperer";"Special";"0";"";""
"SPG";"178";"Beast Within";"Special";"0";"";""
"SPG";"178";"Bedlam Reveler";"Special";"0";"";""
"SPG";"178";"Blighted Woodland";"Special";"0";"";""
"SPG";"178";"Bloodbraid Elf";"Special";"0";"";""
"SPG";"178";"Bojuka Bog";"Special";"0";"";""
"SPG";"178";"Call of the Herd";"Special";"0";"";""
"SPG";"178";"Celestial Dawn";"Special";"0";"";""
"SPG";"178";"Chalice of the Void";"Special";"0";"";""
"SPG";"178";"Cloudshredder Sliver";"Special";"0";"";""
"SPG";"178";"Coalition Victory";"Special";"0";"";""
"SPG";"178";"Consuming Aberration";"Special";"0";"";""
"SPG";"178";"Contagion Clasp";"Special";"0";"";""
"SPG";"178";"Containment Priest";"Special";"0";"";""
"SPG";"178";"Courser of Kruphix";"Special";"0";"";""
"SPG";"178";"Cranial Plating";"Special";"0";"";""
"SPG";"178";"Crystal Shard";"Special";"0";"";""
"SPG";"178";"Dauthi Slayer";"Special";"0";"";""
"SPG";"178";"Disenchant";"Special";"0";"";""
"SPG";"178";"Dovin's Veto";"Special";"0";"";""
"SPG";"178";"Dragon Whelp";"Special";"0";"";""
"SPG";"178";"Dragonstorm";"Special";"0";"";""
"SPG";"178";"Elvish Mystic";"Special";"0";"";""
"SPG";"178";"Enduring Renewal";"Special";"0";"";""
"SPG";"178";"Epic Experiment";"Special";"0";"";""
"SPG";"178";"Essence Sliver";"Special";"0";"";""
"SPG";"178";"Etali, Primal Storm";"Special";"0";"";""
"SPG";"178";"Eternal Witness";"Special";"0";"";""
"SPG";"178";"Everflowing Chalice";"Special";"0";"";""
"SPG";"178";"Evil Eye of Orms-by-Gore";"Special";"0";"";""
"SPG";"178";"Evolutionary Leap";"Special";"0";"";""
"SPG";"178";"Exquisite Firecraft";"Special";"0";"";""
"SPG";"178";"Farseek";"Special";"0";"";""
"SPG";"178";"Fblthp, the Lost";"Special";"0";"";""
"SPG";"178";"Feather, the Redeemed";"Special";"0";"";""
"SPG";"178";"Feldon of the Third Path";"Special";"0";"";""
"SPG";"178";"Feldon's Cane";"Special";"0";"";""
"SPG";"178";"Field of Ruin";"Special";"0";"";""
"SPG";"178";"Fiery Temper";"Special";"0";"";""
"SPG";"178";"Flickerwisp";"Special";"0";"";""
"SPG";"178";"Flying Men";"Special";"0";"";""
"SPG";"178";"Funeral Charm";"Special";"0";"";""
"SPG";"178";"Gaea's Liege";"Special";"0";"";""
"SPG";"178";"Gemstone Mine";"Special";"0";"";""
"SPG";"178";"Goblin Engineer";"Special";"0";"";""
"SPG";"178";"Gray Merchant of Asphodel";"Special";"0";"";""
"SPG";"178";"Grenzo, Dungeon Warden";"Special";"0";"";""
"SPG";"178";"Harvester of Souls";"Special";"0";"";""
"SPG";"178";"Hedron Archive";"Special";"0";"";""
"SPG";"178";"Hollow One";"Special";"0";"";""
"SPG";"178";"Jasmine Boreal";"Special";"0";"";""
"SPG";"178";"Kiki-Jiki, Mirror Breaker";"Special";"0";"";""
"SPG";"178";"Knight of the Reliquary";"Special";"0";"";""
"SPG";"178";"Lava Spike";"Special";"0";"";""
"SPG";"178";"Leveler";"Special";"0";"";""
"SPG";"178";"Leviathan";"Special";"0";"";""
"SPG";"178";"Lightning Angel";"Special";"0";"";""
"SPG";"178";"Liliana's Triumph";"Special";"0";"";""
"SPG";"178";"Lingering Souls";"Special";"0";"";""
"SPG";"178";"Manifold Key";"Special";"0";"";""
"SPG";"178";"Merieke Ri Berit";"Special";"0";"";""
"SPG";"178";"Mirari";"Special";"0";"";""
"SPG";"178";"Mirror Entity";"Special";"0";"";""
"SPG";"178";"Molten Rain";"Special";"0";"";""
"SPG";"178";"Monastery Swiftspear";"Special";"0";"";""
"SPG";"178";"Mortify";"Special";"0";"";""
"SPG";"178";"Mystic Confluence";"Special";"0";"";""
"SPG";"178";"Mystic Sanctuary";"Special";"0";"";""
"SPG";"178";"Nature's Claim";"Special";"0";"";""
"SPG";"178";"Nicol Bolas";"Special";"0";"";""
"SPG";"178";"Ninja of the Deep Hours";"Special";"0";"";""
"SPG";"178";"Ovinomancer";"Special";"0";"";""
"SPG";"178";"Panharmonicon";"Special";"0";"";""
"SPG";"178";"Past in Flames";"Special";"0";"";""
"SPG";"178";"Path to Exile";"Special";"0";"";""
"SPG";"178";"Pendelhaven";"Special";"0";"";""
"SPG";"178";"Ponder";"Special";"0";"";""
"SPG";"178";"Primeval Titan";"Special";"0";"";""
"SPG";"178";"Prized Amalgam";"Special";"0";"";""
"SPG";"178";"Prodigal Sorcerer";"Special";"0";"";""
"SPG";"178";"Psionic Blast";"Special";"0";"";""
"SPG";"178";"Qasali Pridemage";"Special";"0";"";""
"SPG";"178";"Rakdos Charm";"Special";"0";"";""
"SPG";"178";"Ramunap Ruins";"Special";"0";"";""
"SPG";"178";"Read the Bones";"Special";"0";"";""
"SPG";"178";"Reclamation Sage";"Special";"0";"";""
"SPG";"178";"Remand";"Special";"0";"";""
"SPG";"178";"Repeal";"Special";"0";"";""
"SPG";"178";"Restoration Angel";"Special";"0";"";""
"SPG";"178";"Sacred Mesa";"Special";"0";"";""
"SPG";"178";"Safe Haven";"Special";"0";"";""
"SPG";"178";"Sanguine Bond";"Special";"0";"";""
"SPG";"178";"Secret Plans";"Special";"0";"";""
"SPG";"178";"Shadowmage Infiltrator";"Special";"0";"";""
"SPG";"178";"Shriekmaw";"Special";"0";"";""
"SPG";"178";"Sigil of the Empty Throne";"Special";"0";"";""
"SPG";"178";"Silence";"Special";"0";"";""
"SPG";"178";"Sol'kanar the Swamp King";"Special";"0";"";""
"SPG";"178";"Solemn Simulacrum";"Special";"0";"";""
"SPG";"178";"Soltari Priest";"Special";"0";"";""
"SPG";"178";"Soul Collector";"Special";"0";"";""
"SPG";"178";"Spined Sliver";"Special";"0";"";""
"SPG";"178";"Sram, Senior Edificer";"Special";"0";"";""
"SPG";"178";"Stinkweed Imp";"Special";"0";"";""
"SPG";"178";"Stonehorn Dignitary";"Special";"0";"";""
"SPG";"178";"Sylvan Scrying";"Special";"0";"";""
"SPG";"178";"Talrand, Sky Summoner";"Special";"0";"";""
"SPG";"178";"Tasigur, the Golden Fang";"Special";"0";"";""
"SPG";"178";"Teferi's Moat";"Special";"0";"";""
"SPG";"178";"Temur Ascendancy";"Special";"0";"";""
"SPG";"178";"Thraben Inspector";"Special";"0";"";""
"SPG";"178";"Thragtusk";"Special";"0";"";""
"SPG";"178";"Tormod's Crypt";"Special";"0";"";""
"SPG";"178";"Treasure Cruise";"Special";"0";"";""
"SPG";"178";"Tribal Flames";"Special";"0";"";""
"SPG";"178";"Trinket Mage";"Special";"0";"";""
"SPG";"178";"True-Name Nemesis";"Special";"0";"";""
"SPG";"178";"Trygon Predator";"Special";"0";"";""
"SPG";"178";"Twisted Abomination";"Special";"0";"";""
"SPG";"178";"Undead Warchief";"Special";"0";"";""
"SPG";"178";"Undertaker";"Special";"0";"";""
"SPG";"178";"Unstable Mutation";"Special";"0";"";""
"SPG";"178";"Valor";"Special";"0";"";""
"SPG";"178";"Vampire Hexmage";"Special";"0";"";""
"SPG";"178";"Vandalblast";"Special";"0";"";""
"SPG";"178";"Vanquisher's Banner";"Special";"0";"";""
"SPG";"178";"Vhati il-Dal";"Special";"0";"";""
"SPG";"178";"Wall of Roots";"Special";"0";"";""
"SPG";"178";"Wastes";"Special";"0";"";""
"SPG";"178";"Yawgmoth, Thran Physician";"Special";"0";"";""
"SPG";"178";"Young Pyromancer";"Special";"0";"";""
"SPG";"178";"Zealous Conscripts";"Special";"0";"";""
"SPG";"178";"Zulaport Cutthroat";"Special";"0";"";""
"PUMA";"59";"Expedition Map (borderless)";"Box Topper";"2";"";""
"PUMA";"59";"Brainstorm (borderless)";"Box Topper";"1";"";""
"PUMA";"59";"Mox Opal (borderless)";"Box Topper";"1";"";""
"PUMA";"59";"Academy Ruins (borderless)";"Box Topper";"0";"";""
"PUMA";"59";"Arid Mesa";"Box Topper";"0";"";""
"PUMA";"59";"Atraxa, Praetors' Voice (borderless)";"Box Topper";"0";"";""
"PUMA";"59";"Avacyn, Angel of Hope (borderless)";"Box Topper";"0";"";""
"PUMA";"59";"Blackcleave Cliffs";"Box Topper";"0";"";""
"PUMA";"59";"Blightsteel Colossus (borderless)";"Box Topper";"0";"";""
"PUMA";"59";"Blood Moon (borderless)";"Box Topper";"0";"";""
"PUMA";"59";"Bloodstained Mire";"Box Topper";"0";"";""
"PUMA";"59";"Bountiful Promenade";"Box Topper";"0";"";""
"PUMA";"59";"Cloudstone Curio (0349 - Elessar, the Elfstone)";"Box Topper";"0";"";""
"PUMA";"59";"Copperline Gorge";"Box Topper";"0";"";""
"PUMA";"59";"Council's Judgment (borderless)";"Box Topper";"0";"";""
"PUMA";"59";"Crop Rotation (borderless)";"Box Topper";"0";"";""
"PUMA";"59";"Cyclonic Rift (borderless)";"Box Topper";"0";"";""
"PUMA";"59";"Dark Confidant (borderless)";"Box Topper";"0";"";""
"PUMA";"59";"Darkslick Shores";"Box Topper";"0";"";""
"PUMA";"59";"Doubling Season (borderless)";"Box Topper";"0";"";""
"PUMA";"59";"Exploration (borderless)";"Box Topper";"0";"";""
"PUMA";"59";"Fatal Push (borderless)";"Box Topper";"0";"";""
"PUMA";"59";"Flooded Strand";"Box Topper";"0";"";""
"PUMA";"59";"Force of Will (borderless)";"Box Topper";"0";"";""
"PUMA";"59";"Goblin Guide (borderless)";"Box Topper";"0";"";""
"PUMA";"59";"Grove of the Burnwillows";"Box Topper";"0";"";""
"PUMA";"59";"Horizon Canopy";"Box Topper";"0";"";""
"PUMA";"59";"Kaalia of the Vast (borderless)";"Box Topper";"0";"";""
"PUMA";"59";"Lightning Greaves (borderless)";"Box Topper";"0";"";""
"PUMA";"59";"Luxury Suite";"Box Topper";"0";"";""
"PUMA";"59";"Marsh Flats";"Box Topper";"0";"";""
"PUMA";"59";"Meddling Mage (borderless)";"Box Topper";"0";"";""
"PUMA";"59";"Misty Rainforest";"Box Topper";"0";"";""
"PUMA";"59";"Morphic Pool";"Box Topper";"0";"";""
"PUMA";"59";"Mouth of Ronom (0370 - Redhorn Pass)";"Box Topper";"0";"";""
"PUMA";"59";"Polluted Delta";"Box Topper";"0";"";""
"PUMA";"59";"Prismatic Vista";"Box Topper";"0";"";""
"PUMA";"59";"Razorverge Thicket";"Box Topper";"0";"";""
"PUMA";"59";"Reflecting Pool (0373 - Henneth Annun) ";"Box Topper";"0";"";""
"PUMA";"59";"Scalding Tarn";"Box Topper";"0";"";""
"PUMA";"59";"Sea of Clouds";"Box Topper";"0";"";""
"PUMA";"59";"Seachrome Coast";"Box Topper";"0";"";""
"PUMA";"59";"Sneak Attack (borderless)";"Box Topper";"0";"";""
"PUMA";"59";"Spire Garden";"Box Topper";"0";"";""
"PUMA";"59";"Strip Mine";"Box Topper";"0";"";""
"PUMA";"59";"Sword of Body and Mind (borderless)";"Box Topper";"0";"";""
"PUMA";"59";"Sword of Feast and Famine (borderless)";"Box Topper";"0";"";""
"PUMA";"59";"Sword of Light and Shadow (borderless)";"Box Topper";"0";"";""
"PUMA";"59";"Thoughtseize (borderless)";"Box Topper";"0";"";""
"PUMA";"59";"Toxic Deluge (borderless)";"Box Topper";"0";"";""
"PUMA";"59";"Urza's Mine (borderless)";"Box Topper";"0";"";""
"PUMA";"59";"Urza's Power Plant (borderless)";"Box Topper";"0";"";""
"PUMA";"59";"Urza's Tower (borderless)";"Box Topper";"0";"";""
"PUMA";"59";"Valakut, the Molten Pinnacle";"Box Topper";"0";"";""
"PUMA";"59";"Verdant Catacombs";"Box Topper";"0";"";""
"PUMA";"59";"Wasteland";"Box Topper";"0";"";""
"PUMA";"59";"Windswept Heath";"Box Topper";"0";"";""
"PUMA";"59";"Wooded Foothills";"Box Topper";"0";"";""
"PUMA";"59";"Wurmcoil Engine (borderless)";"Box Topper";"0";"";""
"SPM";"53";"Captain America, First Avenger";"Eternal Legal";"2";"";""
"SPM";"53";"Ravenous Tyrannosaurus";"Eternal Legal";"2";"";""
"SPM";"53";"Fight to the Death";"Eternal Legal";"1";"";""
"SPM";"53";"Heroic Intervention";"Eternal Legal";"1";"";""
"SPM";"53";"Rancor";"Eternal Legal";"1";"";""
"SPM";"53";"Storm, Force of Nature";"Eternal Legal";"1";"";""
"SPM";"53";"Arasta of the Endless Web";"Eternal Legal";"0";"";""
"SPM";"53";"Archangel of Thune (Heaven-Sent Marvel)";"Eternal Legal";"0";"";""
"SPM";"53";"Aurelia, the Warleader (Monica, the Marvel)";"Eternal Legal";"0";"";""
"SPM";"53";"Beast Within (0075 - Grimm Fate)";"Eternal Legal";"0";"";""
"SPM";"53";"Bedlam";"Eternal Legal";"0";"";""
"SPM";"53";"Black Panther, Wakandan King";"Eternal Legal";"0";"";""
"SPM";"53";"Chaos Warp";"Eternal Legal";"0";"";""
"SPM";"53";"Concerted Effort";"Eternal Legal";"0";"";""
"SPM";"53";"Counterspell";"Eternal Legal";"0";"";""
"SPM";"53";"Counterspell (0052)";"Eternal Legal";"0";"";""
"SPM";"53";"Cyberdrive Awakener";"Eternal Legal";"0";"";""
"SPM";"53";"Dauthi Voidwalker (Widow-Making Infiltrator)";"Eternal Legal";"0";"";""
"SPM";"53";"Dauthi Voidwalker (Widow-Making Infiltrator)";"Eternal Legal";"0";"";""
"SPM";"53";"Deadly Dispute";"Eternal Legal";"0";"";""
"SPM";"53";"Ephemerate";"Eternal Legal";"0";"";""
"SPM";"53";"Escape to the Wilds";"Eternal Legal";"0";"";""
"SPM";"53";"Feed the Swarm";"Eternal Legal";"0";"";""
"SPM";"53";"Fiery Emancipation";"Eternal Legal";"0";"";""
"SPM";"53";"Final Act";"Eternal Legal";"0";"";""
"SPM";"53";"Final Showdown";"Eternal Legal";"0";"";""
"SPM";"53";"Force of Vigor";"Eternal Legal";"0";"";""
"SPM";"53";"Harbinger of the Seas";"Eternal Legal";"0";"";""
"SPM";"53";"Heroic Intervention (0079)";"Eternal Legal";"0";"";""
"SPM";"53";"Hunter's Insight";"Eternal Legal";"0";"";""
"SPM";"53";"Light of Promise";"Eternal Legal";"0";"";""
"SPM";"53";"Massacre Girl (Elektra, Deadly Assassin)";"Eternal Legal";"0";"";""
"SPM";"53";"Najeela, the Blade-Blossom";"Eternal Legal";"0";"";""
"SPM";"53";"Narset's Reversal (Black Panther's Redirection)";"Eternal Legal";"0";"";""
"SPM";"53";"Nine Lives";"Eternal Legal";"0";"";""
"SPM";"53";"Opposition Agent";"Eternal Legal";"0";"";""
"SPM";"53";"Parallel Lives";"Eternal Legal";"0";"";""
"SPM";"53";"Primal Vigor";"Eternal Legal";"0";"";""
"SPM";"53";"Privileged Position";"Eternal Legal";"0";"";""
"SPM";"53";"Relentless Assault";"Eternal Legal";"0";"";""
"SPM";"53";"Rest in Peace";"Eternal Legal";"0";"";""
"SPM";"53";"Rite of Replication";"Eternal Legal";"0";"";""
"SPM";"53";"Saw in Half";"Eternal Legal";"0";"";""
"SPM";"53";"Show and Tell";"Eternal Legal";"0";"";""
"SPM";"53";"Simulacrum Synthesizer";"Eternal Legal";"0";"";""
"SPM";"53";"Sundering Growth";"Eternal Legal";"0";"";""
"SPM";"53";"Sword of Fire and Ice (Patriotic Shield)";"Eternal Legal";"0";"";""
"SPM";"53";"Tangle";"Eternal Legal";"0";"";""
"SPM";"53";"Terminate";"Eternal Legal";"0";"";""
"SPM";"53";"Three Steps Ahead";"Eternal Legal";"0";"";""
"SPM";"53";"Thrill of Possibility";"Eternal Legal";"0";"";""
"SPM";"53";"Unnatural Growth";"Eternal Legal";"0";"";""
"SPM";"53";"Wedding Ring";"Eternal Legal";"0";"";""
"MOM";"34";"Cosmic Rebirth";"Aftermath";"1";"";""
"MOM";"34";"Jirina, Dauntless General";"Aftermath";"1";"";""
"MOM";"34";"Jolrael, Voice of Zhalfir";"Aftermath";"1";"";""
"MOM";"34";"Spark Rupture";"Aftermath";"1";"";""
"MOM";"34";"Ayara's Oathsworn";"Aftermath";"0";"";""
"MOM";"34";"Blot Out";"Aftermath";"0";"";""
"MOM";"34";"Campus Renovation (Showcase, Foil)";"Aftermath";"0";"";""
"MOM";"34";"Danitha, New Benalia's Light";"Aftermath";"0";"";""
"MOM";"34";"Deification (Showcase)";"Aftermath";"0";"";""
"MOM";"34";"Drannith Ruins";"Aftermath";"0";"";""
"MOM";"34";"Feast of the Victorious Dead";"Aftermath";"0";"";""
"MOM";"34";"Jolrael, Voice of Zhalfir (Buy-a-Box Foil)";"Rare (FOIL)";"0";"";""
"MOM";"34";"Karn, Legacy Reforged";"Aftermath";"0";"";""
"MOM";"34";"Leyline Immersion";"Aftermath";"0";"";""
"MOM";"34";"Metropolis Reformer";"Aftermath";"0";"";""
"MOM";"34";"Nahiri, Forged in Fury";"Aftermath";"0";"";""
"MOM";"34";"Narset, Enlightened Exile";"Aftermath";"0";"";""
"MOM";"34";"Narset, Enlightened Exile (Showcase, Foil)";"Aftermath";"0";"";""
"MOM";"34";"Nissa, Resurgent Animist";"Aftermath";"0";"";""
"MOM";"34";"Nissa, Resurgent Animist (Retro Frame)";"Aftermath";"0";"";""
"MOM";"34";"Niv-Mizzet, Supreme";"Aftermath";"0";"";""
"MOM";"34";"Ob Nixilis, Captive Kingpin";"Aftermath";"0";"";""
"MOM";"34";"Open the Way";"Aftermath";"0";"";""
"MOM";"34";"Open the Way (Foil)";"Aftermath";"0";"";""
"MOM";"34";"Pia Nalaar, Consul of Revival (Foil)";"Aftermath";"0";"";""
"MOM";"34";"Pia Nalaar, Consul of Revival (Showcase)";"Aftermath";"0";"";""
"MOM";"34";"Rebuild the City (Showcase)";"Aftermath";"0";"";""
"MOM";"34";"Samut, Vizier of Naktamun (Showcase)";"Aftermath";"0";"";""
"MOM";"34";"Sigarda, Font of Blessings";"Aftermath";"0";"";""
"MOM";"34";"Spark Rupture (Extended Art)";"Aftermath";"0";"";""
"MOM";"34";"Tazri, Stalwart Survivor";"Aftermath";"0";"";""
"MOM";"34";"Tyvar the Bellicose (Foil)";"Aftermath";"0";"";""
"MOM";"34";"Urborg Scavengers";"Aftermath";"0";"";""
"MOM";"34";"Vesuvan Drifter (Showcase)";"Aftermath";"0";"";""
"RNA";"26";"Homungulus";"Common";"8";"";""
"RNA";"26";"Rakdos Guildgate 256B";"Common";"8";"";""
"RNA";"26";"Simic Guildgate 257A";"Common";"7";"";""
"RNA";"26";"Azorius Guildgate 244B";"Common";"6";"";""
"RNA";"26";"Gruul Guildgate 250B";"Common";"6";"";""
"RNA";"26";"Simic Guildgate 258B";"Common";"6";"";""
"RNA";"26";"Gruul Guildgate 249A";"Common";"5";"";""
"RNA";"26";"Orzhov Guildgate 253B";"Common";"4";"";""
"RNA";"26";"Azorius Guildgate 243A";"Common";"0";"";""
"RNA";"26";"Azorius Guildgate 243A (foil)";"Common (FOIL)";"0";"";""
"RNA";"26";"Azorius Guildgate 244B (foil)";"Common (FOIL)";"0";"";""
"RNA";"26";"Dovin's Aucity (foil)";"Uncommon (FOIL)";"0";"";""
"RNA";"26";"Gruul Guildgate 249A (foil)";"Common (FOIL)";"0";"";""
"RNA";"26";"Gruul Guildgate 250B (foil)";"Common (FOIL)";"0";"";""
"RNA";"26";"Gyre Sage (Guild Kit)";"Rare";"0";"";""
"RNA";"26";"Homungulus (foil)";"Common (FOIL)";"0";"";""
"RNA";"26";"Isperia, Supreme Judge (Foil)";"Guild Kits";"0";"";""
"RNA";"26";"Orzhov Guildgate 252A";"Common";"0";"";""
"RNA";"26";"Orzhov Guildgate 252A (foil)";"Common (FOIL)";"0";"";""
"RNA";"26";"Orzhov Guildgate 253B (foil)";"Common (FOIL)";"0";"";""
"RNA";"26";"Rakdos Guildgate 255A";"Common";"0";"";""
"RNA";"26";"Rakdos Guildgate 255A (foil)";"Common (FOIL)";"0";"";""
"RNA";"26";"Rakdos Guildgate 256B (foil)";"Common (FOIL)";"0";"";""
"RNA";"26";"Simic Guildgate 257A (foil)";"Common (FOIL)";"0";"";""
"RNA";"26";"Simic Guildgate 258B (foil)";"Common (FOIL)";"0";"";""
"RNA";"26";"Vorel of the Hull Clade";"Guild Kits";"0";"";""
"GRN";"24";"Fight of the Equenauts";"Uncommon";"8";"";""
"GRN";"24";"Boros Guildgate 244B";"Common";"7";"";""
"GRN";"24";"Selesnya Guildgate 256B";"Common";"7";"";""
"GRN";"24";"Selesnya Guildgate 255A";"Common";"6";"";""
"GRN";"24";"Golgari Guildgate 248A";"Common";"5";"";""
"GRN";"24";"Golgari Guildgate 249B";"Common";"5";"";""
"GRN";"24";"Izzet Guildgate 251A";"Common";"5";"";""
"GRN";"24";"Boros Guildgate 243A";"Common";"2";"";""
"GRN";"24";"Gaze of Granite";"Guild Kits";"1";"";""
"GRN";"24";"Izzet Guildgate 252B";"Common";"1";"";""
"GRN";"24";"Mirko Vosk, Mind Drinker";"Guild Kits";"1";"";""
"GRN";"24";"Boros Signet";"Guild Kits";"0";"";""
"GRN";"24";"Dimir Doppelganger";"Guild Kits";"0";"";""
"GRN";"24";"Dimir Guildgate 245A";"Common";"0";"";""
"GRN";"24";"Dimir Guildgate 246B";"Common";"0";"";""
"GRN";"24";"Golgari Signet";"Guild Kits";"0";"";""
"GRN";"24";"Jarad, Golgari Lich Lord";"Guild Kits";"0";"";""
"GRN";"24";"Mizzium Mortars";"Guild Kits";"0";"";""
"GRN";"24";"Nightveil Specter";"Guild Kits";"0";"";""
"GRN";"24";"Niv-Mizzet, the Firemind (Foil)";"Guild Kits";"0";"";""
"GRN";"24";"Selesnya Signet";"Guild Kits";"0";"";""
"GRN";"24";"Shattering Spree";"Guild Kits";"0";"";""
"GRN";"24";"Stitch in Time";"Guild Kits";"0";"";""
"GRN";"24";"Tolsimir Wolfblood";"Guild Kits";"0";"";""
"JMP";"21";"Thieves' Guild Enforcer";"Jumpstart";"2";"";""
"JMP";"21";"Angel of Vitality";"Jumpstart";"1";"";""
"JMP";"21";"Frontline Heroism";"Jumpstart";"1";"";""
"JMP";"21";"Ivora, Insatiable Heir";"Jumpstart";"1";"";""
"JMP";"21";"Mirrorwing Dragon";"Jumpstart";"1";"";""
"JMP";"21";"Nykthos Paragon";"Jumpstart";"1";"";""
"JMP";"21";"Priest of Gix";"Jumpstart";"1";"";""
"JMP";"21";"Seat of the Synod";"Jumpstart";"1";"";""
"JMP";"21";"Starfield Mystic";"Jumpstart";"1";"";""
"JMP";"21";"Village Rites";"Jumpstart";"1";"";""
"JMP";"21";"Adeline, Resplendent Cathar";"Jumpstart";"0";"";""
"JMP";"21";"Giada, Font of Hope";"Jumpstart";"0";"";""
"JMP";"21";"Godsend";"Jumpstart";"0";"";""
"JMP";"21";"Gorex, the Tombshell";"Jumpstart";"0";"";""
"JMP";"21";"Hooded Blightfang";"Jumpstart";"0";"";""
"JMP";"21";"Llanowar Elves";"Jumpstart";"0";"";""
"JMP";"21";"Night's Whisper";"Jumpstart";"0";"";""
"JMP";"21";"Priest of Forgotten Gods";"Jumpstart";"0";"";""
"JMP";"21";"Sai, Master Thopterist";"Jumpstart";"0";"";""
"JMP";"21";"Unleash Fury";"Jumpstart";"0";"";""
"JMP";"21";"Zada, Hedron Grinder";"Jumpstart";"0";"";""
"M20";"18";"Island 267 (foil)";"Common (FOIL)";"3";"";""
"M20";"18";"Mountain 274 (foil)";"Common (FOIL)";"3";"";""
"M20";"18";"Mountain 276 (foil)";"Common (FOIL)";"3";"";""
"M20";"18";"Swamp 269 (foil)";"Common (FOIL)";"3";"";""
"M20";"18";"Forest 280 (foil)";"Common (FOIL)";"2";"";""
"M20";"18";"Island 265 (foil)";"Common (FOIL)";"2";"";""
"M20";"18";"Island 268 (foil)";"Common (FOIL)";"2";"";""
"M20";"18";"Mountain 273 (foil)";"Common (FOIL)";"2";"";""
"M20";"18";"Mountain 275 (foil)";"Common (FOIL)";"2";"";""
"M20";"18";"Swamp 270 (foil)";"Common (FOIL)";"2";"";""
"M20";"18";"Swamp 271 (foil)";"Common (FOIL)";"2";"";""
"M20";"18";"Forest 277 (foil)";"Common (FOIL)";"1";"";""
"M20";"18";"Forest 279 (foil)";"Common (FOIL)";"1";"";""
"M20";"18";"Island 266 (foil)";"Common (FOIL)";"1";"";""
"M20";"18";"Plains 261 (foil)";"Common (FOIL)";"0";"";""
"M20";"18";"Plains 262 (foil)";"Common (FOIL)";"0";"";""
"M20";"18";"Plains 263 (foil)";"Common (FOIL)";"0";"";""
"M20";"18";"Swamp 272 (foil)";"Common (FOIL)";"0";"";""
"3ED";"15";"Swamp B";"Common";"2";"Swamp (og 2 andre like nær)";"1"
"3ED";"15";"Forest B";"Common";"1";"Forest (og 2 andre like nær)";"1"
"3ED";"15";"Forest A";"Common";"0";"Forest (og 2 andre like nær)";"1"
"3ED";"15";"Forest C";"Common";"0";"Forest (og 2 andre like nær)";"1"
"3ED";"15";"Island A";"Common";"0";"Island (og 2 andre like nær)";"1"
"3ED";"15";"Island B";"Common";"0";"Island (og 2 andre like nær)";"1"
"3ED";"15";"Island C";"Common";"0";"Island (og 2 andre like nær)";"1"
"3ED";"15";"Mountain A";"Common";"0";"Mountain (og 2 andre like nær)";"1"
"3ED";"15";"Mountain B";"Common";"0";"Mountain (og 2 andre like nær)";"1"
"3ED";"15";"Mountain C";"Common";"0";"Mountain (og 2 andre like nær)";"1"
"3ED";"15";"Plains A";"Common";"0";"Plains (og 2 andre like nær)";"1"
"3ED";"15";"Plains B";"Common";"0";"Plains (og 2 andre like nær)";"1"
"3ED";"15";"Plains C";"Common";"0";"Plains (og 2 andre like nær)";"1"
"3ED";"15";"Swamp A";"Common";"0";"Swamp (og 2 andre like nær)";"1"
"3ED";"15";"Swamp C";"Common";"0";"Swamp (og 2 andre like nær)";"1"
"FIN";"12";"Vanille, Cheerful l'Cie // Ragnarok, Divine Deliverance (Top)";"Uncommon";"7";"";""
"FIN";"12";"Fang, Fearless l'Cie // Ragnarok, Divine Deliverance (Bottom)";"Uncommon";"5";"";""
"FIN";"12";"Fang, Fearless l'Cie // Ragnarok, Divine Deliverance (#381) (Bottom) (Borderless)";"Uncommon";"0";"";""
"FIN";"12";"Fang, Fearless l'Cie // Ragnarok, Divine Deliverance (#381) (Bottom) (Borderless) (Foil)";"Uncommon (FOIL)";"0";"";""
"FIN";"12";"Fang, Fearless l'Cie // Ragnarok, Divine Deliverance (#446) (Bottom) (Extended Art)";"Uncommon";"0";"";""
"FIN";"12";"Fang, Fearless l'Cie // Ragnarok, Divine Deliverance (#446) (Extended Art) (Foil)";"Uncommon (FOIL)";"0";"";""
"FIN";"12";"Fang, Fearless l'Cie // Ragnarok, Divine Deliverance (Foil)";"Uncommon (FOIL)";"0";"";""
"FIN";"12";"Vanille, Cheerful l'Cie // Ragnarok, Divine Deliverance (#392) (Borderless) (Foil)";"Uncommon (FOIL)";"0";"";""
"FIN";"12";"Vanille, Cheerful l'Cie // Ragnarok, Divine Deliverance (#392) (Top) (Borderless)";"Uncommon";"0";"";""
"FIN";"12";"Vanille, Cheerful l'Cie // Ragnarok, Divine Deliverance (#475) (Extended Art) (Foil)";"Uncommon (FOIL)";"0";"";""
"FIN";"12";"Vanille, Cheerful l'Cie // Ragnarok, Divine Deliverance (#475) (Top) (Extended Art)";"Uncommon";"0";"";""
"FIN";"12";"Vanille, Cheerful l'Cie // Ragnarok, Divine Deliverance (Foil)";"Uncommon (FOIL)";"0";"";""
"CMR";"11";"Bold Plagiarist (Extended Art)";"Rare";"0";"";""
"CMR";"11";"Esix, Fractal Bloom (Extended Art)";"Rare";"0";"";""
"CMR";"11";"Excavation Technique (Extended Art)";"Rare";"0";"";""
"CMR";"11";"Fiery Encore (Extended Art)";"Rare";"0";"";""
"CMR";"11";"Healing Technique (Extended Art)";"Rare";"0";"";""
"CMR";"11";"Inkshield (Extended Art)";"Rare";"0";"";""
"CMR";"11";"Perplexing Test (Extended Art)";"Rare";"0";"";""
"CMR";"11";"Promise of Loyalty (Extended Art)";"Rare";"0";"";""
"CMR";"11";"Ruin Grinder (Extended Art)";"Rare";"0";"";""
"CMR";"11";"Sly Instigator (Extended Art)";"Rare";"0";"";""
"CMR";"11";"Wake the Past (Extended Art)";"Rare";"0";"";""
"MH1";"6";"Ephermate (artwork)";"Artwork";"14";"";""
"MH1";"6";"Lightning Skelemental (artwork";"Artwork";"13";"";""
"MH1";"6";"Spilcer's Skill";"Uncommon";"8";"";""
"MH1";"6";"Cunning Invasion (foil)";"Uncommon (FOIL)";"0";"";""
"MH1";"6";"Mist-Syndicate Hydra (foil)";"Rare (FOIL)";"0";"";""
"MH1";"6";"Spilcer's Skill (foil)";"Uncommon (FOIL)";"0";"";""
"KLD";"6";"Dissapearing Act";"Uncommon";"8";"";""
"KLD";"6";"Hunt of the Week";"Common";"8";"";""
"KLD";"6";"Ninth Bridge Control";"Common";"8";"";""
"KLD";"6";"Depala, Pioneer Exemplar";"Rare";"7";"";""
"KLD";"6";"Whirler Virtouso";"Uncommon";"2";"";""
"KLD";"6";"Panharmonicum";"Rare";"0";"";""
"ELD";"5";"Ayara, First of Lochtwain";"Rare";"0";"Ayara, First of Locthwain (og 1 andre like nær)";"2"
"ELD";"5";"Ayara, First of Lochtwain (foil)";"Rare (FOIL)";"0";"Ayara, First of Locthwain (og 1 andre like nær)";"2"
"ELD";"5";"Castle Embreth";"Rare";"0";"Castle Embereth (og 1 andre like nær)";"1"
"ELD";"5";"Castle Embreth (foil)";"Rare (FOIL)";"0";"Castle Embereth (og 1 andre like nær)";"1"
"ELD";"5";"Merkfolk Secretkeeper (showcase) (foil)";"Common (FOIL)";"0";"Merfolk Secretkeeper // Venture Deeper (og 1 andre like nær)";"1"
"LTR";"4";"Lotho, Corrupt Sherriff";"Rare";"0";"Lotho, Corrupt Shirriff (og 3 andre like nær)";"1"
"LTR";"4";"Lotho, Corrupt Sherriff (Extended Art)";"Rare";"0";"Lotho, Corrupt Shirriff (og 3 andre like nær)";"1"
"LTR";"4";"Lotho, Corrupt Sherriff (Extended Art) (foil)";"Rare (FOIL)";"0";"Lotho, Corrupt Shirriff (og 3 andre like nær)";"1"
"LTR";"4";"Lotho, Corrupt Sherriff (foil)";"Rare (FOIL)";"0";"Lotho, Corrupt Shirriff (og 3 andre like nær)";"1"
"THB";"4";"Dawn Angel";"Uncommon";"8";"";""
"THB";"4";"Dawn Angel (foil)";"Uncommon (FOIL)";"5";"";""
"THB";"4";"Nightmare Shepard (foil)";"Rare (FOIL)";"0";"Nightmare Shepherd (og 1 andre like nær)";"2"
"THB";"4";"Nightmare Sheperd";"Rare";"0";"Nightmare Shepherd (og 1 andre like nær)";"1"
"EMN";"3";"Exitractor of Sin";"Uncommon";"8";"";""
"EMN";"3";"Grizzeled Anger";"Uncommon";"8";"";""
"EMN";"3";"Decimator of Provinces";"Mythic Rare";"1";"";""
"INR";"3";"Hanweir Battlements // Hanweir, the Writhing Township (Top)";"Rare";"7";"";""
"INR";"3";"Hanweir Garrison // Hanweir, the Writhing Township (Bottom)";"Rare";"6";"";""
"INR";"3";"Gisela, the Broken Blade // Brisela, Voice of Nightmares (Top)";"Mythic";"0";"";""
"HOP";"3";"Elderwood Scion";"Planechase";"1";"";""
"HOP";"3";"Maelstrom Wanderer";"Planechase";"0";"";""
"HOP";"3";"Sakashima's Student";"Planechase";"0";"";""
"ONE";"3";"Malcator's Watch (foil)";"Common (FOIL)";"1";"";""
"ONE";"3";"Jin-Gitaxias, Progress Tyrant (513 - Concept Praetor)";"Mythic";"0";"";""
"ONE";"3";"Sheoldred, the Apocalypse (435 - Concept Praetor)";"Mythic";"0";"";""
"C16";"3";"Crosis's Charm";"Uncommon";"0";"";""
"C16";"3";"Mystic Monarchy";"Uncommon";"0";"";""
"C16";"3";"Nihil Spellbomb";"Common";"0";"";""
"IKO";"3";"Ghidorah, King of the Cosmos (foil)";"Mythic (FOIL)";"0";"";""
"IKO";"3";"Godzilla, King of Monsters (foil)";"Mythic (FOIL)";"0";"";""
"IKO";"3";"Zilortha, Strength Incarnate (Godzilla, King of Monsters - Buy-a";"Mythic (FOIL)";"0";"";""
"CLB";"2";"Shadowheart, Dark Justicar";"Rare";"0";"Shadowheart, Dark Justiciar (og 2 andre like nær)";"1"
"CLB";"2";"Shadowheart, Dark Justicar (foil)";"Rare (FOIL)";"0";"Shadowheart, Dark Justiciar (og 2 andre like nær)";"1"
"UNH";"2";"Erase (Not the Urza's Legacy One)";"Common";"8";"";""
"UNH";"2";"Our Market Research Shows That Players Like Really Long Card Nam";"Common";"6";"";""
"AKH";"2";"Quarry Howler";"Common";"7";"";""
"AKH";"2";"Winged Shepard";"Common";"4";"";""
"ACR";"2";"Shaun and Rebecca, Agents";"Rare";"7";"";""
"ACR";"2";"Shaun and Rebecca, Agents (Foil)";"FOILS";"1";"";""
"HOU";"2";"Vizier of Anointed";"Uncommon";"7";"";""
"HOU";"2";"Adorned Puoncer";"Rare";"6";"";""
"RTR";"2";"Essence Backland";"Common";"6";"";""
"RTR";"2";"Forstburn Weird";"Common";"2";"";""
"WAR";"2";"Pledge the Unity";"Uncommon";"2";"";""
"WAR";"2";"Pledge the Unity (foil)";"Uncommon (FOIL)";"0";"";""
"DFT";"2";"Cavalier of Dawn (0094 - First-Place Foil)";"FOILS";"1";"";""
"DFT";"2";"{Max Speed} // {Start Your Engines!}";"Token";"0";"";""
"CED";"2";"Gaea's Cradle (Not Tournament Legal)";"Rare";"1";"";""
"CED";"2";"Rishadan Port (Brussels) - Not Tournament Legal)";"Rare";"0";"";""
"C17";"2";"Simic Growth Chamber";"Uncommon";"1";"";""
"C17";"2";"Mirror of Forebears";"Uncommon";"0";"";""
"MH3";"2";"Snow-Covered Wastes {#309) (Full Art)";"Uncommon";"1";"";""
"MH3";"2";"Snow-Covered Wastes {#309) (Full Art) (Foil)";"Uncommon (FOIL)";"0";"";""
"OTP";"1";"Down (0052 - Showcase)";"Breaking News";"1";"";""
"ARC";"1";"Inferno Titan";"Archenemy";"1";"";""
"EOS";"1";"Starfield Vocalist (0359 - Japan Showcase, Foil)";"Stellar Sight";"1";"";""
"C19";"1";"Avenger of Zendikar";"Mythic";"0";"";""
"V15";"1";"Exalted Dragon";"Mythic";"0";"";""
"TSP";"1";"Johira's Timebug";"Common";"0";"";""
"LGN";"1";"Legion Sliver";"Common";"0";"";""
"VOW";"1";"Linvala, Shield of Sea Gate (Extended Art) (foil)";"Rare (FOIL)";"0";"";""
"DDH";"1";"Planeswalker Nicol Bolas  (Foil)";"Duel Decks: Ajani vs Nicol Bolas";"0";"";""
"SLD";"1";"Thane of Red Fell";"Secret Lair";"0";"";""